Path,Name,Size (Bytes),Modified Time
D:\autorun.inf,autorun.inf,128,1701675694.0
D:\bootmgr,bootmgr,442062,1701675696.0
D:\bootmgr.efi,bootmgr.efi,1675736,1701675696.0
D:\setup.exe,setup.exe,95712,1701675694.0
D:\System Volume Information\WPSettings.dat,WPSettings.dat,12,1713101350.0
D:\System Volume Information\IndexerVolumeGuid,IndexerVolumeGuid,76,1713101352.0
D:\boot\bcd,bcd,16384,1701675694.0
D:\boot\boot.sdi,boot.sdi,3170304,1701675696.0
D:\boot\bootfix.bin,bootfix.bin,1024,1701675694.0
D:\boot\bootsect.exe,bootsect.exe,107872,1701675696.0
D:\boot\etfsboot.com,etfsboot.com,4096,1701675694.0
D:\boot\memtest.exe,memtest.exe,1052512,1701675694.0
D:\boot\es-es\bootsect.exe.mui,bootsect.exe.mui,19456,1701675694.0
D:\boot\fonts\chs_boot.ttf,chs_boot.ttf,3696672,1701675696.0
D:\boot\fonts\cht_boot.ttf,cht_boot.ttf,3879376,1701675696.0
D:\boot\fonts\jpn_boot.ttf,jpn_boot.ttf,1986824,1701675696.0
D:\boot\fonts\kor_boot.ttf,kor_boot.ttf,2373956,1701675696.0
D:\boot\fonts\malgunn_boot.ttf,malgunn_boot.ttf,193904,1701675694.0
D:\boot\fonts\malgun_boot.ttf,malgun_boot.ttf,196320,1701675696.0
D:\boot\fonts\malgun_console.ttf,malgun_console.ttf,83396,1701675694.0
D:\boot\fonts\meiryon_boot.ttf,meiryon_boot.ttf,164200,1701675694.0
D:\boot\fonts\meiryo_boot.ttf,meiryo_boot.ttf,165848,1701675694.0
D:\boot\fonts\meiryo_console.ttf,meiryo_console.ttf,92584,1701675694.0
D:\boot\fonts\msjhn_boot.ttf,msjhn_boot.ttf,181412,1701675694.0
D:\boot\fonts\msjh_boot.ttf,msjh_boot.ttf,183400,1701675694.0
D:\boot\fonts\msjh_console.ttf,msjh_console.ttf,204796,1701675694.0
D:\boot\fonts\msyhn_boot.ttf,msyhn_boot.ttf,173492,1701675694.0
D:\boot\fonts\msyh_boot.ttf,msyh_boot.ttf,175292,1701675694.0
D:\boot\fonts\msyh_console.ttf,msyh_console.ttf,98492,1701675694.0
D:\boot\fonts\segmono_boot.ttf,segmono_boot.ttf,45816,1701675694.0
D:\boot\fonts\segoen_slboot.ttf,segoen_slboot.ttf,102680,1701675694.0
D:\boot\fonts\segoe_slboot.ttf,segoe_slboot.ttf,102948,1701675694.0
D:\boot\fonts\wgl4_boot.ttf,wgl4_boot.ttf,50044,1701675694.0
D:\boot\resources\bootres.dll,bootres.dll,169320,1701675696.0
D:\boot\resources\bootres_hci.dll,bootres_hci.dll,111984,1701675694.0
D:\efi\1920x1080_Byte.jpg,1920x1080_Byte.jpg,932204,1553386854.0
D:\efi\boot\bootx64.efi,bootx64.efi,1692144,1701675696.0
D:\efi\microsoft\boot\bcd,bcd,16384,1701675696.0
D:\efi\microsoft\boot\cdboot.efi,cdboot.efi,904560,1701675696.0
D:\efi\microsoft\boot\cdboot_noprompt.efi,cdboot_noprompt.efi,904552,1701675696.0
D:\efi\microsoft\boot\efisys.bin,efisys.bin,1474560,1701675696.0
D:\efi\microsoft\boot\efisys_noprompt.bin,efisys_noprompt.bin,1474560,1701675696.0
D:\efi\microsoft\boot\memtest.efi,memtest.efi,2337632,1701675696.0
D:\efi\microsoft\boot\winsipolicy.p7b,winsipolicy.p7b,10352,1701675696.0
D:\efi\microsoft\boot\cipolicies\active\{5dac656c-21ad-4a02-ab49-649917162e70}.cip,{5dac656c-21ad-4a02-ab49-649917162e70}.cip,10564,1701675696.0
D:\efi\microsoft\boot\cipolicies\active\{82443e1e-8a39-4b4a-96a8-f40ddc00b9f3}.cip,{82443e1e-8a39-4b4a-96a8-f40ddc00b9f3}.cip,28300,1701675696.0
D:\efi\microsoft\boot\cipolicies\active\{cdd5cb55-db68-4d71-aa38-3df2b6473a52}.cip,{cdd5cb55-db68-4d71-aa38-3df2b6473a52}.cip,10972,1701675696.0
D:\efi\microsoft\boot\fonts\chs_boot.ttf,chs_boot.ttf,3696676,1701675696.0
D:\efi\microsoft\boot\fonts\cht_boot.ttf,cht_boot.ttf,3879368,1701675696.0
D:\efi\microsoft\boot\fonts\jpn_boot.ttf,jpn_boot.ttf,1986824,1701675694.0
D:\efi\microsoft\boot\fonts\kor_boot.ttf,kor_boot.ttf,2373956,1701675696.0
D:\efi\microsoft\boot\fonts\malgunn_boot.ttf,malgunn_boot.ttf,193904,1701675696.0
D:\efi\microsoft\boot\fonts\malgun_boot.ttf,malgun_boot.ttf,196320,1701675696.0
D:\efi\microsoft\boot\fonts\malgun_console.ttf,malgun_console.ttf,83408,1701675694.0
D:\efi\microsoft\boot\fonts\meiryon_boot.ttf,meiryon_boot.ttf,164204,1701675694.0
D:\efi\microsoft\boot\fonts\meiryo_boot.ttf,meiryo_boot.ttf,165840,1701675696.0
D:\efi\microsoft\boot\fonts\meiryo_console.ttf,meiryo_console.ttf,92584,1701675696.0
D:\efi\microsoft\boot\fonts\msjhn_boot.ttf,msjhn_boot.ttf,181412,1701675696.0
D:\efi\microsoft\boot\fonts\msjh_boot.ttf,msjh_boot.ttf,183400,1701675696.0
D:\efi\microsoft\boot\fonts\msjh_console.ttf,msjh_console.ttf,204792,1701675696.0
D:\efi\microsoft\boot\fonts\msyhn_boot.ttf,msyhn_boot.ttf,173488,1701675696.0
D:\efi\microsoft\boot\fonts\msyh_boot.ttf,msyh_boot.ttf,175288,1701675696.0
D:\efi\microsoft\boot\fonts\msyh_console.ttf,msyh_console.ttf,98492,1701675694.0
D:\efi\microsoft\boot\fonts\segmono_boot.ttf,segmono_boot.ttf,45816,1701675696.0
D:\efi\microsoft\boot\fonts\segoen_slboot.ttf,segoen_slboot.ttf,102672,1701675696.0
D:\efi\microsoft\boot\fonts\segoe_slboot.ttf,segoe_slboot.ttf,102948,1701675696.0
D:\efi\microsoft\boot\fonts\wgl4_boot.ttf,wgl4_boot.ttf,50044,1701675696.0
D:\efi\microsoft\boot\resources\bootres.dll,bootres.dll,169312,1701675696.0
D:\efi\microsoft\boot\resources\bootres_hci.dll,bootres_hci.dll,111968,1701675696.0
D:\sources\acmigration.dll,acmigration.dll,669040,1701675696.0
D:\sources\acres.dll,acres.dll,345424,1701675696.0
D:\sources\actionqueue.dll,actionqueue.dll,214376,1701675696.0
D:\sources\adfscomp.dll,adfscomp.dll,71008,1701675696.0
D:\sources\admtv3check.dll,admtv3check.dll,99816,1701675696.0
D:\sources\aeinv.dll,aeinv.dll,947536,1701675696.0
D:\sources\alert.gif,alert.gif,1046,1701675696.0
D:\sources\appcompat.xsl,appcompat.xsl,11673,1701675696.0
D:\sources\appcompatservicing.dll,appcompatservicing.dll,91480,1701675696.0
D:\sources\appcompat_bidi.xsl,appcompat_bidi.xsl,12498,1701675696.0
D:\sources\appcompat_detailed.xsl,appcompat_detailed.xsl,13608,1701675696.0
D:\sources\appcompat_detailed_bidi.xsl,appcompat_detailed_bidi.xsl,13732,1701675696.0
D:\sources\appcompat_detailed_bidi_txt.xsl,appcompat_detailed_bidi_txt.xsl,13371,1701675696.0
D:\sources\appcompat_detailed_txt.xsl,appcompat_detailed_txt.xsl,13326,1701675696.0
D:\sources\appraiser.dll,appraiser.dll,2495984,1701675696.0
D:\sources\appraiser.sdb,appraiser.sdb,2760568,1701675696.0
D:\sources\appraiserdatasha1.cat,appraiserdatasha1.cat,10569,1701675696.0
D:\sources\appraiserres.dll,appraiserres.dll,181632,1701675696.0
D:\sources\appraisersdblatestoshash.txt,appraisersdblatestoshash.txt,90,1701675696.0
D:\sources\arunimg.dll,arunimg.dll,152936,1701675696.0
D:\sources\arunres.dll,arunres.dll,25960,1701675696.0
D:\sources\autorun.dll,autorun.dll,173408,1701675696.0
D:\sources\background_cli.png,background_cli.png,4841,1701675696.0
D:\sources\bcd.dll,bcd.dll,154288,1701675696.0
D:\sources\boot.wim,boot.wim,547595928,1713101250.0
D:\sources\bootsvc.dll,bootsvc.dll,278256,1701675696.0
D:\sources\cdplib.mof,cdplib.mof,1976,1701675696.0
D:\sources\cdplibuninstall.mof,cdplibuninstall.mof,571,1701675696.0
D:\sources\clustercompliance.dll,clustercompliance.dll,42472,1701675696.0
D:\sources\cmi2migxml.dll,cmi2migxml.dll,230888,1701675696.0
D:\sources\cmisetup.dll,cmisetup.dll,173408,1701675696.0
D:\sources\compatappraiserresources.dll,compatappraiserresources.dll,234848,1701675696.0
D:\sources\compatctrl.dll,compatctrl.dll,202088,1701675696.0
D:\sources\compatresources.dll,compatresources.dll,3515744,1701675696.0
D:\sources\compres.dll,compres.dll,50656,1701675696.0
D:\sources\cryptosetup.dll,cryptosetup.dll,46584,1701675696.0
D:\sources\csiagent.dll,csiagent.dll,763360,1701675696.0
D:\sources\cversion.ini,cversion.ini,49,1701675696.0
D:\sources\db_msftproductionwindowssigningca.cer,db_msftproductionwindowssigningca.cer,1499,1701675696.0
D:\sources\devinv.dll,devinv.dll,775512,1701675696.0
D:\sources\diager.dll,diager.dll,95592,1701675696.0
D:\sources\diagnostic.dll,diagnostic.dll,218456,1701675696.0
D:\sources\diagtrack.dll,diagtrack.dll,1365856,1701675696.0
D:\sources\diagtrackrunner.exe,diagtrackrunner.exe,88256,1701675696.0
D:\sources\dism.exe,dism.exe,337240,1701675696.0
D:\sources\dismapi.dll,dismapi.dll,1209688,1701675696.0
D:\sources\dismcore.dll,dismcore.dll,480616,1701675696.0
D:\sources\dismcoreps.dll,dismcoreps.dll,210280,1701675696.0
D:\sources\dismprov.dll,dismprov.dll,304480,1701675696.0
D:\sources\du.dll,du.dll,197984,1701675696.0
D:\sources\facilitator.dll,facilitator.dll,1131880,1701675696.0
D:\sources\folderprovider.dll,folderprovider.dll,95568,1701675696.0
D:\sources\gatherosstate.exe,gatherosstate.exe,1526112,1701675696.0
D:\sources\generaltel.dll,generaltel.dll,517488,1701675696.0
D:\sources\hwcompat.dll,hwcompat.dll,251216,1701675696.0
D:\sources\hwcompat.txt,hwcompat.txt,947591,1701675696.0
D:\sources\hwcompatPE.txt,hwcompatPE.txt,257,1701675696.0
D:\sources\hwexclude.txt,hwexclude.txt,51,1701675696.0
D:\sources\hwexcludePE.txt,hwexcludePE.txt,15,1701675696.0
D:\sources\hwreqchk.dll,hwreqchk.dll,385024,1701675696.0
D:\sources\hypervcomplcheck.dll,hypervcomplcheck.dll,230904,1701675696.0
D:\sources\iasmigplugin.dll,iasmigplugin.dll,775512,1701675696.0
D:\sources\icbexclusion.inf,icbexclusion.inf,7222,1701675696.0
D:\sources\idwbinfo.txt,idwbinfo.txt,122,1701675696.0
D:\sources\iiscomp.dll,iiscomp.dll,46584,1701675696.0
D:\sources\imagelib.dll,imagelib.dll,968064,1701675696.0
D:\sources\imagingprovider.dll,imagingprovider.dll,255312,1701675696.0
D:\sources\input.dll,input.dll,402768,1701675696.0
D:\sources\itgtupg.dll,itgtupg.dll,112096,1701675696.0
D:\sources\lang.ini,lang.ini,78,1701675696.0
D:\sources\locale.nls,locale.nls,841544,1701675696.0
D:\sources\logprovider.dll,logprovider.dll,185696,1701675696.0
D:\sources\mediasetupuimgr.dll,mediasetupuimgr.dll,1254896,1701675696.0
D:\sources\migapp.xml,migapp.xml,654548,1701675696.0
D:\sources\migcore.dll,migcore.dll,9762272,1701675698.0
D:\sources\mighost.exe,mighost.exe,280048,1701675696.0
D:\sources\migisol.dll,migisol.dll,148864,1701675696.0
D:\sources\migres.dll,migres.dll,26080,1701675696.0
D:\sources\migstore.dll,migstore.dll,1357280,1701675696.0
D:\sources\migsys.dll,migsys.dll,493032,1701675696.0
D:\sources\migtestplugin.dll,migtestplugin.dll,71136,1701675696.0
D:\sources\mitigation.dll,mitigation.dll,341336,1701675696.0
D:\sources\mxeagent.dll,mxeagent.dll,411104,1701675696.0
D:\sources\nlsbres.dll,nlsbres.dll,103776,1701675696.0
D:\sources\ntdsupg.dll,ntdsupg.dll,50672,1701675696.0
D:\sources\ntfrsupg.dll,ntfrsupg.dll,75232,1701675696.0
D:\sources\nxquery.inf,nxquery.inf,1475,1701675696.0
D:\sources\nxquery.sys,nxquery.sys,54760,1701675696.0
D:\sources\offline.xml,offline.xml,41891,1701675696.0
D:\sources\offlineprofileutils.dll,offlineprofileutils.dll,243040,1701675696.0
D:\sources\oscomps.woa.xml,oscomps.woa.xml,249101,1701675696.0
D:\sources\oscomps.xml,oscomps.xml,451919,1701675696.0
D:\sources\osfilter.inf,osfilter.inf,21299,1701675696.0
D:\sources\outofbox_windows_db.bin,outofbox_windows_db.bin,4780,1701675696.0
D:\sources\pnpibs.dll,pnpibs.dll,95576,1701675696.0
D:\sources\pnppropmig.dll,pnppropmig.dll,103792,1701675696.0
D:\sources\product.ini,product.ini,5664,1701675696.0
D:\sources\rdsupgcheck.dll,rdsupgcheck.dll,46424,1701675696.0
D:\sources\reagent.admx,reagent.admx,1240,1701675696.0
D:\sources\reagent.dll,reagent.dll,595432,1701675696.0
D:\sources\reagent.xml,reagent.xml,837,1701675696.0
D:\sources\reportgen.dll,reportgen.dll,75104,1701675696.0
D:\sources\reservemanager.dll,reservemanager.dll,308560,1701675696.0
D:\sources\rmsupg.dll,rmsupg.dll,95600,1701675696.0
D:\sources\rollback.exe,rollback.exe,161128,1701675696.0
D:\sources\schema.dat,schema.dat,94208,1701675696.0
D:\sources\sdbapiu.dll,sdbapiu.dll,386408,1701675696.0
D:\sources\segoeui.ttf,segoeui.ttf,975088,1701675696.0
D:\sources\servicingcommon.dll,servicingcommon.dll,1005488,1701675696.0
D:\sources\setup.exe,setup.exe,333296,1701675696.0
D:\sources\setupcompat.dll,setupcompat.dll,398688,1701675696.0
D:\sources\setupcore.dll,setupcore.dll,2401664,1701675696.0
D:\sources\setupdiag.exe,setupdiag.exe,684480,1701675696.0
D:\sources\SetupDU_174936.spdx.json,SetupDU_174936.spdx.json,48943,1701675696.0
D:\sources\SetupDU_174936.spdx.json.sha256,SetupDU_174936.spdx.json.sha256,128,1701675696.0
D:\sources\setuperror.exe,setuperror.exe,74576,1701675696.0
D:\sources\setuphost.exe,setuphost.exe,869736,1701675696.0
D:\sources\setupmgr.dll,setupmgr.dll,1111392,1701675696.0
D:\sources\setupplatform.cfg,setupplatform.cfg,17298,1701675696.0
D:\sources\setupplatform.dll,setupplatform.dll,9688544,1701675696.0
D:\sources\setupplatform.exe,setupplatform.exe,271840,1701675696.0
D:\sources\setupprep.exe,setupprep.exe,1303936,1701675696.0
D:\sources\sfcn.dat,sfcn.dat,1824,1701675696.0
D:\sources\sflcid.dat,sflcid.dat,1644,1701675696.0
D:\sources\sflistrs1.dat,sflistrs1.dat,5593264,1701675696.0
D:\sources\sflistw7.dat,sflistw7.dat,1703368,1701675696.0
D:\sources\sflistw8.dat,sflistw8.dat,2608858,1701675696.0
D:\sources\sflistw8.woa.dat,sflistw8.woa.dat,954436,1701675696.0
D:\sources\sflistwb.dat,sflistwb.dat,3172904,1701675696.0
D:\sources\sflistwb.woa.dat,sflistwb.woa.dat,1150134,1701675696.0
D:\sources\sflistwt.dat,sflistwt.dat,4935438,1701675696.0
D:\sources\sflistwt.woa.dat,sflistwt.woa.dat,2636850,1701675696.0
D:\sources\sfpat.inf,sfpat.inf,11602,1701675696.0
D:\sources\sfpatrs1.inf,sfpatrs1.inf,169870,1701675696.0
D:\sources\sfpatw7.inf,sfpatw7.inf,17396,1701675696.0
D:\sources\sfpatw8.inf,sfpatw8.inf,79818,1701675696.0
D:\sources\sfpatwb.inf,sfpatwb.inf,91635,1701675696.0
D:\sources\sfpatwt.inf,sfpatwt.inf,165729,1701675696.0
D:\sources\smiengine.dll,smiengine.dll,984416,1701675696.0
D:\sources\spflvrnt.dll,spflvrnt.dll,54616,1701675696.0
D:\sources\spprgrss.dll,spprgrss.dll,79192,1701675696.0
D:\sources\spwizeng.dll,spwizeng.dll,587088,1701675696.0
D:\sources\spwizimg.dll,spwizimg.dll,95584,1701675696.0
D:\sources\spwizres.dll,spwizres.dll,25936,1701675696.0
D:\sources\sqmapi.dll,sqmapi.dll,71632,1701675696.0
D:\sources\uddicomp.dll,uddicomp.dll,71152,1701675696.0
D:\sources\unattend.dll,unattend.dll,234856,1701675698.0
D:\sources\unbcl.dll,unbcl.dll,1135960,1701675696.0
D:\sources\uninstall.xml,uninstall.xml,4407,1701675696.0
D:\sources\uninstall_data.xml,uninstall_data.xml,11122,1701675696.0
D:\sources\updateagent.dll,updateagent.dll,3446128,1701675698.0
D:\sources\upgloader.dll,upgloader.dll,132464,1701675698.0
D:\sources\upgradeagent.dll,upgradeagent.dll,3331568,1701675698.0
D:\sources\upgradeagent.xml,upgradeagent.xml,70907,1701675698.0
D:\sources\upgrade_bulk.xml,upgrade_bulk.xml,209615,1701675696.0
D:\sources\upgrade_comp.xml,upgrade_comp.xml,6054,1701675696.0
D:\sources\upgrade_data.xml,upgrade_data.xml,41750,1701675696.0
D:\sources\upgrade_frmwrk.xml,upgrade_frmwrk.xml,18785,1701675696.0
D:\sources\upgwow_bulk.xml,upgwow_bulk.xml,115041,1701675696.0
D:\sources\utcapi.dll,utcapi.dll,58704,1701675696.0
D:\sources\uxlib.dll,uxlib.dll,185712,1701675698.0
D:\sources\uxlibres.dll,uxlibres.dll,21856,1701675696.0
D:\sources\vhdprovider.dll,vhdprovider.dll,611696,1701675698.0
D:\sources\w32uiimg.dll,w32uiimg.dll,312664,1701675698.0
D:\sources\w32uires.dll,w32uires.dll,222560,1701675698.0
D:\sources\warning.gif,warning.gif,597,1701675696.0
D:\sources\wdsclient.dll,wdsclient.dll,484856,1701675696.0
D:\sources\wdsclientapi.dll,wdsclientapi.dll,271848,1701675696.0
D:\sources\wdscommonlib.dll,wdscommonlib.dll,311296,1701675696.0
D:\sources\wdscore.dll,wdscore.dll,284008,1701675696.0
D:\sources\wdscsl.dll,wdscsl.dll,79200,1701675696.0
D:\sources\wdsimage.dll,wdsimage.dll,124392,1701675696.0
D:\sources\wdstptc.dll,wdstptc.dll,189928,1701675696.0
D:\sources\wdsupgcompl.dll,wdsupgcompl.dll,42488,1701675696.0
D:\sources\wdsutil.dll,wdsutil.dll,365904,1701675696.0
D:\sources\wicadevicefilters.xml,wicadevicefilters.xml,13734,1701675696.0
D:\sources\wimgapi.dll,wimgapi.dll,816480,1701675696.0
D:\sources\wimprovider.dll,wimprovider.dll,689488,1701675696.0
D:\sources\win32ui.dll,win32ui.dll,738640,1701675696.0
D:\sources\windlp.dll,windlp.dll,1529184,1701675696.0
D:\sources\winsetup.dll,winsetup.dll,3053032,1701675696.0
D:\sources\winsetupboot.hiv,winsetupboot.hiv,8192,1701675696.0
D:\sources\winsetupboot.sys,winsetupboot.sys,111960,1701675696.0
D:\sources\winsetupmon.hiv,winsetupmon.hiv,8192,1701675696.0
D:\sources\winsetupmon.sys,winsetupmon.sys,108032,1701675696.0
D:\sources\wpx.dll,wpx.dll,1496424,1701675696.0
D:\sources\ws.dat,ws.dat,112,1713101342.0
D:\sources\install.swm,install.swm,3949120264,1713102348.0
D:\sources\install2.swm,install2.swm,875579670,1713102326.0
D:\sources\asz\arunimg.dll,arunimg.dll,152912,1701675694.0
D:\sources\asz\arunres.dll,arunres.dll,25944,1701675694.0
D:\sources\asz\background_asz.png,background_asz.png,4940,1701675694.0
D:\sources\asz\setupmedia.cfg,setupmedia.cfg,25,1701675694.0
D:\sources\asz\spwizimg.dll,spwizimg.dll,95576,1701675694.0
D:\sources\asz\spwizres.dll,spwizres.dll,25952,1701675694.0
D:\sources\asz\w32uires.dll,w32uires.dll,222552,1701675694.0
D:\sources\asz\es-es\arunres.dll.mui,arunres.dll.mui,6656,1701675694.0
D:\sources\asz\es-es\spwizres.dll.mui,spwizres.dll.mui,8704,1701675694.0
D:\sources\asz\es-es\w32uires.dll.mui,w32uires.dll.mui,214016,1701675696.0
D:\sources\dlmanifests\accessibilitycpl-dl.man,accessibilitycpl-dl.man,4717,1701675696.0
D:\sources\dlmanifests\activedirectory-webservices-dl.man,activedirectory-webservices-dl.man,667,1701675696.0
D:\sources\dlmanifests\activedirectory-wmireplicationprovider-dl.man,activedirectory-wmireplicationprovider-dl.man,1164,1701675696.0
D:\sources\dlmanifests\adsi-ldap-extensions-dl.man,adsi-ldap-extensions-dl.man,3725,1701675696.0
D:\sources\dlmanifests\adsi-ldap-provider-dl.man,adsi-ldap-provider-dl.man,1676,1701675696.0
D:\sources\dlmanifests\adsi-router-dl.man,adsi-router-dl.man,1962,1701675696.0
D:\sources\dlmanifests\adsi-winnt-provider-dl.man,adsi-winnt-provider-dl.man,1655,1701675696.0
D:\sources\dlmanifests\browserservice-dl.man,browserservice-dl.man,3193,1701675696.0
D:\sources\dlmanifests\capi2_certs-dl.man,capi2_certs-dl.man,7079,1701675696.0
D:\sources\dlmanifests\commandprompt-dl.man,commandprompt-dl.man,2879,1701675696.0
D:\sources\dlmanifests\coreos-dl.man,coreos-dl.man,1655,1701675696.0
D:\sources\dlmanifests\credential-manager-dl.man,credential-manager-dl.man,2224,1701675696.0
D:\sources\dlmanifests\cryptoconfig-dl.man,cryptoconfig-dl.man,1468,1701675696.0
D:\sources\dlmanifests\crypto_keys-dl.man,crypto_keys-dl.man,2947,1701675696.0
D:\sources\dlmanifests\dfsclient-dl.man,dfsclient-dl.man,1685,1701675696.0
D:\sources\dlmanifests\dfsmgmt-dl.man,dfsmgmt-dl.man,2062,1701675696.0
D:\sources\dlmanifests\dhcpclient-dl.man,dhcpclient-dl.man,1514,1701675696.0
D:\sources\dlmanifests\directoryservices-adam-dl.man,directoryservices-adam-dl.man,2199,1701675696.0
D:\sources\dlmanifests\directoryservices-domain-dl.man,directoryservices-domain-dl.man,2030,1701675696.0
D:\sources\dlmanifests\directoryservices-ism-smtp-dl.man,directoryservices-ism-smtp-dl.man,1837,1701675696.0
D:\sources\dlmanifests\dns-client-dl.man,dns-client-dl.man,3754,1701675696.0
D:\sources\dlmanifests\dns-server-service-dl.man,dns-server-service-dl.man,2305,1701675696.0
D:\sources\dlmanifests\dpapi_keys-dl.man,dpapi_keys-dl.man,4533,1701675696.0
D:\sources\dlmanifests\etw-core-dl.man,etw-core-dl.man,1459,1701675696.0
D:\sources\dlmanifests\etwtracing.man,etwtracing.man,15130,1701675696.0
D:\sources\dlmanifests\eventlog-dl.man,eventlog-dl.man,1759,1701675696.0
D:\sources\dlmanifests\explorer-dl.man,explorer-dl.man,2571,1701675696.0
D:\sources\dlmanifests\feclient-dl.man,feclient-dl.man,1613,1701675696.0
D:\sources\dlmanifests\fonts-type1-dl.man,fonts-type1-dl.man,788,1701675696.0
D:\sources\dlmanifests\frs-core-dl.man,frs-core-dl.man,4453,1701675696.0
D:\sources\dlmanifests\gpbase-dl.man,gpbase-dl.man,7121,1701675696.0
D:\sources\dlmanifests\gpmc-dl.man,gpmc-dl.man,1383,1701675696.0
D:\sources\dlmanifests\gpmgmt-dl.man,gpmgmt-dl.man,1509,1701675696.0
D:\sources\dlmanifests\grouppolicy-admin-gpedit-dl.man,grouppolicy-admin-gpedit-dl.man,1444,1701675696.0
D:\sources\dlmanifests\grouppolicy-admin-gpedit-snapin-dl.man,grouppolicy-admin-gpedit-snapin-dl.man,1454,1701675696.0
D:\sources\dlmanifests\grouppolicy-cse-softwareinstallation-dl.man,grouppolicy-cse-softwareinstallation-dl.man,1923,1701675696.0
D:\sources\dlmanifests\grouppolicy-serveradmintools-gpmc-dl.man,grouppolicy-serveradmintools-gpmc-dl.man,1591,1701675696.0
D:\sources\dlmanifests\ieframe-dl.man,ieframe-dl.man,1085,1701675696.0
D:\sources\dlmanifests\ime-traditional-chinese-migration-dl.man,ime-traditional-chinese-migration-dl.man,1534,1701675696.0
D:\sources\dlmanifests\kerberos-key-distribution-center-dl.man,kerberos-key-distribution-center-dl.man,2062,1701675696.0
D:\sources\dlmanifests\ldap-client-dl.man,ldap-client-dl.man,1390,1701675696.0
D:\sources\dlmanifests\microsoft-windows-bits-client-dl.man,microsoft-windows-bits-client-dl.man,1614,1701675696.0
D:\sources\dlmanifests\microsoft-windows-certificateservices-ca-dl.man,microsoft-windows-certificateservices-ca-dl.man,1865,1701675696.0
D:\sources\dlmanifests\microsoft-windows-certificateservices-camanagement-dl.man,microsoft-windows-certificateservices-camanagement-dl.man,1439,1701675696.0
D:\sources\dlmanifests\microsoft-windows-certificateservices-mscep-dl.man,microsoft-windows-certificateservices-mscep-dl.man,1721,1701675696.0
D:\sources\dlmanifests\microsoft-windows-errorreportingcore-dl.man,microsoft-windows-errorreportingcore-dl.man,1938,1701675696.0
D:\sources\dlmanifests\microsoft-windows-errorreportingfaults-dl.man,microsoft-windows-errorreportingfaults-dl.man,1142,1701675696.0
D:\sources\dlmanifests\microsoft-windows-fax-client-applications-dl.man,microsoft-windows-fax-client-applications-dl.man,3761,1701675696.0
D:\sources\dlmanifests\microsoft-windows-fax-client-proenterprise-dl.man,microsoft-windows-fax-client-proenterprise-dl.man,1831,1701675696.0
D:\sources\dlmanifests\microsoft-windows-fax-common-dl.man,microsoft-windows-fax-common-dl.man,4829,1701675696.0
D:\sources\dlmanifests\microsoft-windows-fax-server-dl.man,microsoft-windows-fax-server-dl.man,1855,1701675696.0
D:\sources\dlmanifests\microsoft-windows-fax-service-dl.man,microsoft-windows-fax-service-dl.man,7636,1701675696.0
D:\sources\dlmanifests\microsoft-windows-htmlhelp-dl.man,microsoft-windows-htmlhelp-dl.man,1789,1701675696.0
D:\sources\dlmanifests\microsoft-windows-ie-esc-dl.man,microsoft-windows-ie-esc-dl.man,1927,1701675696.0
D:\sources\dlmanifests\microsoft-windows-ie-feeds-platform-dl.man,microsoft-windows-ie-feeds-platform-dl.man,2339,1701675696.0
D:\sources\dlmanifests\microsoft-windows-ie-internetexplorer-dl.man,microsoft-windows-ie-internetexplorer-dl.man,13279,1701675696.0
D:\sources\dlmanifests\microsoft-windows-iis-corewebengine-deployment-dl.man,microsoft-windows-iis-corewebengine-deployment-dl.man,1461,1701675696.0
D:\sources\dlmanifests\microsoft-windows-netfx35-dl.man,microsoft-windows-netfx35-dl.man,9028,1701675696.0
D:\sources\dlmanifests\microsoft-windows-netfx35cdfcomp-dl.man,microsoft-windows-netfx35cdfcomp-dl.man,1273,1701675696.0
D:\sources\dlmanifests\microsoft-windows-netfxcorecomp-dl.man,microsoft-windows-netfxcorecomp-dl.man,45175,1701675696.0
D:\sources\dlmanifests\microsoft-windows-storagemigration-dl.man,microsoft-windows-storagemigration-dl.man,8158,1701675696.0
D:\sources\dlmanifests\microsoft-windows-tapisetup-dl.man,microsoft-windows-tapisetup-dl.man,2587,1701675696.0
D:\sources\dlmanifests\microsoft-windows-terminalservices-clientactivexcore-dl.man,microsoft-windows-terminalservices-clientactivexcore-dl.man,1320,1701675696.0
D:\sources\dlmanifests\microsoft-windows-wab-dl.man,microsoft-windows-wab-dl.man,2591,1701675696.0
D:\sources\dlmanifests\microsoft-windows-wcfcorecomp-dl.man,microsoft-windows-wcfcorecomp-dl.man,4869,1701675696.0
D:\sources\dlmanifests\microsoft.windows.com.base-dl.man,microsoft.windows.com.base-dl.man,1806,1701675696.0
D:\sources\dlmanifests\microsoft.windows.com.complus.setup.dl.man,microsoft.windows.com.complus.setup.dl.man,2383,1701675696.0
D:\sources\dlmanifests\msmq-dcom-dl.man,msmq-dcom-dl.man,1697,1701675696.0
D:\sources\dlmanifests\msmq-domain-ic-dl.man,msmq-domain-ic-dl.man,1546,1701675696.0
D:\sources\dlmanifests\msmq-http-dl.man,msmq-http-dl.man,2282,1701675696.0
D:\sources\dlmanifests\msmq-messagingcoreservice-dl.man,msmq-messagingcoreservice-dl.man,6789,1701675696.0
D:\sources\dlmanifests\msmq-multicast-dl.man,msmq-multicast-dl.man,1544,1701675696.0
D:\sources\dlmanifests\msmq-routing-dl.man,msmq-routing-dl.man,1451,1701675696.0
D:\sources\dlmanifests\msmq-triggers-dl.man,msmq-triggers-dl.man,1749,1701675696.0
D:\sources\dlmanifests\mup-dl.man,mup-dl.man,1533,1701675696.0
D:\sources\dlmanifests\netfx-wcf-http-activation-dl.man,netfx-wcf-http-activation-dl.man,1215,1701675696.0
D:\sources\dlmanifests\netfx-wcf-msmqactivation-registration-dl.man,netfx-wcf-msmqactivation-registration-dl.man,1621,1701675696.0
D:\sources\dlmanifests\netfx-wcf-pipeactivation-registration-dl.man,netfx-wcf-pipeactivation-registration-dl.man,1627,1701675696.0
D:\sources\dlmanifests\netfx-wcf-tcpactivation-registration-dl.man,netfx-wcf-tcpactivation-registration-dl.man,1615,1701675696.0
D:\sources\dlmanifests\netfx-wcf-tcpportsharing-dl.man,netfx-wcf-tcpportsharing-dl.man,1151,1701675696.0
D:\sources\dlmanifests\netfx3-dl.man,netfx3-dl.man,1423,1701675696.0
D:\sources\dlmanifests\netfx4-wcf-client-dl.man,netfx4-wcf-client-dl.man,1550,1701675696.0
D:\sources\dlmanifests\netfx4-wcf-extended-dl.man,netfx4-wcf-extended-dl.man,1466,1701675696.0
D:\sources\dlmanifests\netfx4clientcorecomp-dl.man,netfx4clientcorecomp-dl.man,15848,1701675696.0
D:\sources\dlmanifests\netlogon-dl.man,netlogon-dl.man,2053,1701675696.0
D:\sources\dlmanifests\ntfs-dl.man,ntfs-dl.man,4052,1701675696.0
D:\sources\dlmanifests\ntoskrnl-dl.man,ntoskrnl-dl.man,8035,1701675696.0
D:\sources\dlmanifests\odbc32dll-dl.man,odbc32dll-dl.man,4820,1701675696.0
D:\sources\dlmanifests\partmgr-dl.man,partmgr-dl.man,1045,1701675696.0
D:\sources\dlmanifests\printing-spooler-core-dl.man,printing-spooler-core-dl.man,2598,1701675696.0
D:\sources\dlmanifests\printing-spooler-networkclient-dl.man,printing-spooler-networkclient-dl.man,2290,1701675696.0
D:\sources\dlmanifests\rights-management-client-v1-api-dl.man,rights-management-client-v1-api-dl.man,3288,1701675696.0
D:\sources\dlmanifests\rights-management-services-server-dl.man,rights-management-services-server-dl.man,3265,1701675696.0
D:\sources\dlmanifests\rpc-http-dl.man,rpc-http-dl.man,1682,1701675696.0
D:\sources\dlmanifests\rpc-http_proxy-dl.man,rpc-http_proxy-dl.man,1429,1701675696.0
D:\sources\dlmanifests\rpc-local-dl.man,rpc-local-dl.man,1859,1701675696.0
D:\sources\dlmanifests\rpc-remote-dl.man,rpc-remote-dl.man,1973,1701675696.0
D:\sources\dlmanifests\schannel-dl.man,schannel-dl.man,1461,1701675696.0
D:\sources\dlmanifests\schedsvc-dl.man,schedsvc-dl.man,1923,1701675696.0
D:\sources\dlmanifests\security-digest-dl.man,security-digest-dl.man,803,1701675696.0
D:\sources\dlmanifests\security-kerberos-dl.man,security-kerberos-dl.man,803,1701675696.0
D:\sources\dlmanifests\security-ntlm-dl.man,security-ntlm-dl.man,1458,1701675696.0
D:\sources\dlmanifests\security-ntlm-lmc.man,security-ntlm-lmc.man,1079,1701675696.0
D:\sources\dlmanifests\shutdown-event-tracker-dl.man,shutdown-event-tracker-dl.man,1288,1701675696.0
D:\sources\dlmanifests\smartcardsubsystem-dl.man,smartcardsubsystem-dl.man,3757,1701675696.0
D:\sources\dlmanifests\smbserver-dl.man,smbserver-dl.man,13993,1701675696.0
D:\sources\dlmanifests\smss-dl.man,smss-dl.man,1694,1701675696.0
D:\sources\dlmanifests\smtpsvc-admin-dl.man,smtpsvc-admin-dl.man,1164,1701675696.0
D:\sources\dlmanifests\smtpsvc-service-dl.man,smtpsvc-service-dl.man,1180,1701675696.0
D:\sources\dlmanifests\speechcommon-dl.man,speechcommon-dl.man,2858,1701675696.0
D:\sources\dlmanifests\tabletpc-tabbtn-dl.man,tabletpc-tabbtn-dl.man,1737,1701675696.0
D:\sources\dlmanifests\tabletpcinputpanel-dl.man,tabletpcinputpanel-dl.man,1429,1701675696.0
D:\sources\dlmanifests\tabletpcjournal-dl.man,tabletpcjournal-dl.man,8752,1701675696.0
D:\sources\dlmanifests\tabletpcplatforminput-core-dl.man,tabletpcplatforminput-core-dl.man,1131,1701675696.0
D:\sources\dlmanifests\terminalservices-appserver-dl.man,terminalservices-appserver-dl.man,1573,1701675696.0
D:\sources\dlmanifests\terminalservices-appserver-licensing-dl.man,terminalservices-appserver-licensing-dl.man,1305,1701675696.0
D:\sources\dlmanifests\terminalservices-drivers-dl.man,terminalservices-drivers-dl.man,1164,1701675696.0
D:\sources\dlmanifests\terminalservices-licenseserver-dl.man,terminalservices-licenseserver-dl.man,2232,1701675696.0
D:\sources\dlmanifests\terminalservices-localsessionmanager-dl.man,terminalservices-localsessionmanager-dl.man,1438,1701675696.0
D:\sources\dlmanifests\terminalservices-rdp-winstationextensions-dl.man,terminalservices-rdp-winstationextensions-dl.man,20863,1701675696.0
D:\sources\dlmanifests\terminalservices-remoteconnectionmanager-dl.man,terminalservices-remoteconnectionmanager-dl.man,1438,1701675696.0
D:\sources\dlmanifests\terminalservices-sessiondirectory-client-dl.man,terminalservices-sessiondirectory-client-dl.man,2240,1701675696.0
D:\sources\dlmanifests\terminalservices-sessiondirectory-server-dl.man,terminalservices-sessiondirectory-server-dl.man,2453,1701675696.0
D:\sources\dlmanifests\terminalservices-terminalservicesclient-dl.man,terminalservices-terminalservicesclient-dl.man,1919,1701675696.0
D:\sources\dlmanifests\textservicesframework-migration-dl.man,textservicesframework-migration-dl.man,2841,1701675696.0
D:\sources\dlmanifests\video-tvvideocontrol-dl.man,video-tvvideocontrol-dl.man,2038,1701675696.0
D:\sources\dlmanifests\volsnap-dl.man,volsnap-dl.man,1040,1701675696.0
D:\sources\dlmanifests\wcf-http-activation-dl.man,wcf-http-activation-dl.man,2018,1701675696.0
D:\sources\dlmanifests\wcf-http-activation-postapply-dl.man,wcf-http-activation-postapply-dl.man,1452,1701675696.0
D:\sources\dlmanifests\wcf-nonhttp-activation-dl.man,wcf-nonhttp-activation-dl.man,1403,1701675696.0
D:\sources\dlmanifests\web-services-for-management-core-dl.man,web-services-for-management-core-dl.man,1914,1701675696.0
D:\sources\dlmanifests\webenroll-dl.man,webenroll-dl.man,1676,1701675696.0
D:\sources\dlmanifests\win32k-settings-dl.man,win32k-settings-dl.man,12503,1701675696.0
D:\sources\dlmanifests\windowssearchengine-dl.man,windowssearchengine-dl.man,5855,1701675696.0
D:\sources\dlmanifests\winlogon-dl.man,winlogon-dl.man,2887,1701675696.0
D:\sources\dlmanifests\wmi-core-dl.man,wmi-core-dl.man,2372,1701675696.0
D:\sources\dlmanifests\workstationservice-dl.man,workstationservice-dl.man,1811,1701675696.0
D:\sources\dlmanifests\microsoft-activedirectory-webservices-dl\adwsmigrate.dll,adwsmigrate.dll,120152,1701675696.0
D:\sources\dlmanifests\microsoft-windows-com-complus-setup-dl\commig.dll,commig.dll,193872,1701675696.0
D:\sources\dlmanifests\microsoft-windows-com-dtc-setup-dl\msdtcstp.dll,msdtcstp.dll,103776,1701675694.0
D:\sources\dlmanifests\microsoft-windows-dhcpservermigplugin-dl\dhcpsrvmigplugin.dll,dhcpsrvmigplugin.dll,124256,1701675696.0
D:\sources\dlmanifests\microsoft-windows-directoryservices-adam-dl\adammigrate.dll,adammigrate.dll,148824,1701675696.0
D:\sources\dlmanifests\microsoft-windows-iasserver-migplugin\iasmigplugin.dll,iasmigplugin.dll,775520,1701675696.0
D:\sources\dlmanifests\microsoft-windows-iasserver-migplugin\iasmigreader.exe,iasmigreader.exe,509800,1701675696.0
D:\sources\dlmanifests\microsoft-windows-ie-clientnetworkprotocolimplementation-migration\wininetplugin.dll,wininetplugin.dll,38232,1701675694.0
D:\sources\dlmanifests\microsoft-windows-internet-naming-service-runtime\winsplgn.dll,winsplgn.dll,79192,1701675694.0
D:\sources\dlmanifests\microsoft-windows-msmq-messagingcoreservice\mqmigplugin.dll,mqmigplugin.dll,189784,1701675696.0
D:\sources\dlmanifests\microsoft-windows-networkbridge\bridgemigplugin.dll,bridgemigplugin.dll,136536,1701675696.0
D:\sources\dlmanifests\microsoft-windows-networkloadbalancing-core\nlbmigplugin.dll,nlbmigplugin.dll,140640,1701675694.0
D:\sources\dlmanifests\microsoft-windows-rasconnectionmanager\cmmigr.dll,cmmigr.dll,99664,1701675696.0
D:\sources\dlmanifests\microsoft-windows-rasserver-migplugin\rasmigplugin.dll,rasmigplugin.dll,423256,1701675696.0
D:\sources\dlmanifests\microsoft-windows-tapisetup\tapimigplugin.dll,tapimigplugin.dll,95568,1701675694.0
D:\sources\dlmanifests\microsoft-windows-terminalservices-licenseserver\tlsmigplugin.dll,tlsmigplugin.dll,140640,1701675696.0
D:\sources\dlmanifests\microsoft-windows-textservicesframework-migration-dl\chxmig.dll,chxmig.dll,173416,1701675696.0
D:\sources\dlmanifests\microsoft-windows-textservicesframework-migration-dl\imjpmig.dll,imjpmig.dll,218472,1701675694.0
D:\sources\dlmanifests\microsoft-windows-textservicesframework-migration-dl\imkrmig.dll,imkrmig.dll,140624,1701675696.0
D:\sources\dlmanifests\microsoft-windows-textservicesframework-migration-dl\msctfmig.dll,msctfmig.dll,165232,1701675696.0
D:\sources\dlmanifests\microsoft-windows-textservicesframework-migration-dl\tabletextservicemig.dll,tabletextservicemig.dll,111952,1701675696.0
D:\sources\dlmanifests\microsoft-windows-unimodem-config\modemmigplugin.dll,modemmigplugin.dll,120168,1701675694.0
D:\sources\dlmanifests\microsoft-windows-winsock-core-infrastructure-upgrade\wsupgrade.dll,wsupgrade.dll,247128,1701675696.0
D:\sources\dlmanifests\microsoft-windows-wmi-core\wmimigrationplugin.dll,wmimigrationplugin.dll,714064,1701675696.0
D:\sources\dlmanifests\networking-mpssvc-svc\icfupgd.dll,icfupgd.dll,177512,1701675706.0
D:\sources\es-es\acres.dll.mui,acres.dll.mui,374272,1701675696.0
D:\sources\es-es\actionqueue.dll.mui,actionqueue.dll.mui,3584,1701675696.0
D:\sources\es-es\appraiser.dll.mui,appraiser.dll.mui,3584,1701675694.0
D:\sources\es-es\arunres.dll.mui,arunres.dll.mui,6144,1701675696.0
D:\sources\es-es\cmisetup.dll.mui,cmisetup.dll.mui,5120,1701675696.0
D:\sources\es-es\compatappraiserresources.dll.mui,compatappraiserresources.dll.mui,7680,1701675696.0
D:\sources\es-es\compatctrl.dll.mui,compatctrl.dll.mui,7680,1701675696.0
D:\sources\es-es\compatresources.dll.mui,compatresources.dll.mui,30208,1701675696.0
D:\sources\es-es\compres.dll.mui,compres.dll.mui,36352,1701675694.0
D:\sources\es-es\credits.htm,credits.htm,3410823,1701675696.0
D:\sources\es-es\credits.rtf,credits.rtf,4044197,1701675696.0
D:\sources\es-es\dism.exe.mui,dism.exe.mui,33280,1701675696.0
D:\sources\es-es\dismapi.dll.mui,dismapi.dll.mui,4608,1701675696.0
D:\sources\es-es\dismcore.dll.mui,dismcore.dll.mui,7680,1701675696.0
D:\sources\es-es\dismprov.dll.mui,dismprov.dll.mui,2560,1701675696.0
D:\sources\es-es\erofflps.txt,erofflps.txt,331,1701675694.0
D:\sources\es-es\folderprovider.dll.mui,folderprovider.dll.mui,2560,1701675696.0
D:\sources\es-es\imagingprovider.dll.mui,imagingprovider.dll.mui,19968,1701675694.0
D:\sources\es-es\input.dll.mui,input.dll.mui,26624,1701675696.0
D:\sources\es-es\logprovider.dll.mui,logprovider.dll.mui,6144,1701675696.0
D:\sources\es-es\mediasetupuimgr.dll.mui,mediasetupuimgr.dll.mui,67072,1701675696.0
D:\sources\es-es\migres.dll.mui,migres.dll.mui,8704,1701675694.0
D:\sources\es-es\nlsbres.dll.mui,nlsbres.dll.mui,66560,1701675696.0
D:\sources\es-es\oobe_help_opt_in_details.rtf,oobe_help_opt_in_details.rtf,31881,1701675696.0
D:\sources\es-es\pnpibs.dll.mui,pnpibs.dll.mui,6144,1701675696.0
D:\sources\es-es\privacy.rtf,privacy.rtf,890,1701675694.0
D:\sources\es-es\reagent.adml,reagent.adml,2091,1701675696.0
D:\sources\es-es\reagent.dll.mui,reagent.dll.mui,12288,1701675696.0
D:\sources\es-es\rollback.exe.mui,rollback.exe.mui,4608,1701675694.0
D:\sources\es-es\setup.exe.mui,setup.exe.mui,22016,1701675696.0
D:\sources\es-es\setupcompat.dll.mui,setupcompat.dll.mui,3072,1701675696.0
D:\sources\es-es\setupcore.dll.mui,setupcore.dll.mui,21504,1701675696.0
D:\sources\es-es\setuperror.exe.mui,setuperror.exe.mui,3584,1701675696.0
D:\sources\es-es\setupmgr.dll.mui,setupmgr.dll.mui,2560,1701675694.0
D:\sources\es-es\setupplatform.exe.mui,setupplatform.exe.mui,14168,1701675694.0
D:\sources\es-es\setupprep.exe.mui,setupprep.exe.mui,27648,1701675694.0
D:\sources\es-es\smiengine.dll.mui,smiengine.dll.mui,13824,1701675696.0
D:\sources\es-es\spwizres.dll.mui,spwizres.dll.mui,8704,1701675696.0
D:\sources\es-es\upgloader.dll.mui,upgloader.dll.mui,4608,1701675696.0
D:\sources\es-es\uxlibres.dll.mui,uxlibres.dll.mui,3072,1701675696.0
D:\sources\es-es\vhdprovider.dll.mui,vhdprovider.dll.mui,7680,1701675694.0
D:\sources\es-es\vofflps.rtf,vofflps.rtf,888,1701675696.0
D:\sources\es-es\w32uires.dll.mui,w32uires.dll.mui,214016,1701675696.0
D:\sources\es-es\wdsclient.dll.mui,wdsclient.dll.mui,8704,1701675696.0
D:\sources\es-es\wdsimage.dll.mui,wdsimage.dll.mui,6656,1701675696.0
D:\sources\es-es\wimgapi.dll.mui,wimgapi.dll.mui,17920,1701675696.0
D:\sources\es-es\wimprovider.dll.mui,wimprovider.dll.mui,31232,1701675696.0
D:\sources\es-es\windlp.dll.mui,windlp.dll.mui,6144,1701675696.0
D:\sources\es-es\winsetup.dll.mui,winsetup.dll.mui,63488,1701675696.0
D:\sources\etwproviders\actionqueueetw.dll,actionqueueetw.dll,22000,1701675694.0
D:\sources\etwproviders\auditetw.dll,auditetw.dll,26080,1701675694.0
D:\sources\etwproviders\cmisetupetw.dll,cmisetupetw.dll,26088,1701675694.0
D:\sources\etwproviders\etwproviderinstall.vbs,etwproviderinstall.vbs,6868,1701675694.0
D:\sources\etwproviders\oobeldretw.dll,oobeldretw.dll,26104,1701675694.0
D:\sources\etwproviders\setupcletw.dll,setupcletw.dll,30200,1701675694.0
D:\sources\etwproviders\setupetw.dll,setupetw.dll,30040,1701675694.0
D:\sources\etwproviders\setupugcetw.dll,setupugcetw.dll,26104,1701675694.0
D:\sources\etwproviders\sysprepetw.dll,sysprepetw.dll,30200,1701675694.0
D:\sources\etwproviders\windeployetw.dll,windeployetw.dll,26072,1701675694.0
D:\sources\etwproviders\winsetupetw.dll,winsetupetw.dll,75232,1701675694.0
D:\sources\etwproviders\es-es\actionqueueetw.dll.mui,actionqueueetw.dll.mui,3584,1701675696.0
D:\sources\inf\setup.cfg,setup.cfg,3596,1701675694.0
D:\sources\migration\wtr\adminpack_en-us.inf,adminpack_en-us.inf,651,1701675696.0
D:\sources\migration\wtr\adminpack_en-us_noloc.inf,adminpack_en-us_noloc.inf,414,1701675696.0
D:\sources\migration\wtr\appmanwtr.inf,appmanwtr.inf,17201,1701675696.0
D:\sources\migration\wtr\browserchoice_win7.inf,browserchoice_win7.inf,7194,1701675696.0
D:\sources\migration\wtr\browserchoice_win8.inf,browserchoice_win8.inf,1589,1701675696.0
D:\sources\migration\wtr\compattelemetry.inf,compattelemetry.inf,1558,1701675696.0
D:\sources\migration\wtr\ftp_7.0.inf,ftp_7.0.inf,1643,1701675696.0
D:\sources\migration\wtr\ftp_7.5_en-us_noloc.inf,ftp_7.5_en-us_noloc.inf,2108,1701675696.0
D:\sources\migration\wtr\ftp_7.5_loc.inf,ftp_7.5_loc.inf,2773,1701675696.0
D:\sources\migration\wtr\gwxmig.inf,gwxmig.inf,1078,1701675696.0
D:\sources\migration\wtr\powershell_en-us_noloc.inf,powershell_en-us_noloc.inf,1002,1701675696.0
D:\sources\migration\wtr\powershell_loc.inf,powershell_loc.inf,2551,1701675696.0
D:\sources\migration\wtr\standardcollector.inf,standardcollector.inf,486,1701675696.0
D:\sources\migration\wtr\unpmig.inf,unpmig.inf,10086,1701675696.0
D:\sources\migration\wtr\webdav_7.0.inf,webdav_7.0.inf,724,1701675696.0
D:\sources\migration\wtr\webdav_7.5_en-us_noloc.inf,webdav_7.5_en-us_noloc.inf,961,1701675696.0
D:\sources\migration\wtr\webdav_7.5_loc.inf,webdav_7.5_loc.inf,1265,1701675696.0
D:\sources\replacementmanifests\activedirectory-webservices-replacement.man,activedirectory-webservices-replacement.man,1734,1701675696.0
D:\sources\replacementmanifests\adsi-router-replacement.man,adsi-router-replacement.man,1995,1701675696.0
D:\sources\replacementmanifests\application-experience-program-compatibility-assistant-replacement.man,application-experience-program-compatibility-assistant-replacement.man,11951,1701675696.0
D:\sources\replacementmanifests\appmanmigration-replacement.man,appmanmigration-replacement.man,2193,1701675696.0
D:\sources\replacementmanifests\appxalluserstore-replacement.man,appxalluserstore-replacement.man,2042,1701675696.0
D:\sources\replacementmanifests\appxdeploymentserver-replacement.man,appxdeploymentserver-replacement.man,10072,1701675696.0
D:\sources\replacementmanifests\audiommecore-mm-other-migration-replacement.man,audiommecore-mm-other-migration-replacement.man,1301,1701675696.0
D:\sources\replacementmanifests\authui-migration-replacement.man,authui-migration-replacement.man,8193,1701675696.0
D:\sources\replacementmanifests\authui-migration-win8-replacement.man,authui-migration-win8-replacement.man,11555,1701675696.0
D:\sources\replacementmanifests\azshci-service-migration-replacement.man,azshci-service-migration-replacement.man,862,1701675696.0
D:\sources\replacementmanifests\bisrv-replacement.man,bisrv-replacement.man,1511,1701675696.0
D:\sources\replacementmanifests\capi2_certs-repl.man,capi2_certs-repl.man,13032,1701675696.0
D:\sources\replacementmanifests\certificateenrollment-replacement.man,certificateenrollment-replacement.man,976,1701675696.0
D:\sources\replacementmanifests\cliplicensemigration-replacement.man,cliplicensemigration-replacement.man,3805,1701675696.0
D:\sources\replacementmanifests\cloudapreplacement.man,cloudapreplacement.man,1724,1701675696.0
D:\sources\replacementmanifests\cloudexperiencehostonecore-replacement.man,cloudexperiencehostonecore-replacement.man,967,1701675696.0
D:\sources\replacementmanifests\codeintegrity-repl.man,codeintegrity-repl.man,3060,1701675696.0
D:\sources\replacementmanifests\commandprompt-win7-replacement.man,commandprompt-win7-replacement.man,2795,1701675696.0
D:\sources\replacementmanifests\commandprompt-win8-replacement.man,commandprompt-win8-replacement.man,11666,1701675696.0
D:\sources\replacementmanifests\contentdeliverymanager.utilities-replacement.man,contentdeliverymanager.utilities-replacement.man,7442,1701675696.0
D:\sources\replacementmanifests\coremmres-replacement.man,coremmres-replacement.man,1147,1701675696.0
D:\sources\replacementmanifests\coreos-repl.man,coreos-repl.man,1619,1701675696.0
D:\sources\replacementmanifests\credential-manager-replacement.man,credential-manager-replacement.man,5419,1701675696.0
D:\sources\replacementmanifests\crypto_keys-repl.man,crypto_keys-repl.man,2829,1701675696.0
D:\sources\replacementmanifests\dataintegrityscan-replacement.man,dataintegrityscan-replacement.man,1222,1701675696.0
D:\sources\replacementmanifests\dcb-repl.man,dcb-repl.man,734,1701675696.0
D:\sources\replacementmanifests\desktopux-replacement.man,desktopux-replacement.man,5299,1701675696.0
D:\sources\replacementmanifests\deviceassociationframework-replacement.man,deviceassociationframework-replacement.man,1527,1701675696.0
D:\sources\replacementmanifests\devicedirectory-devicedirectoryclient-desktop-replacement.man,devicedirectory-devicedirectoryclient-desktop-replacement.man,1222,1701675696.0
D:\sources\replacementmanifests\deviceregistration-replacement.man,deviceregistration-replacement.man,1066,1701675696.0
D:\sources\replacementmanifests\dhcpclientdll-repl.man,dhcpclientdll-repl.man,4207,1701675696.0
D:\sources\replacementmanifests\dhcpserver-tools-replacement.man,dhcpserver-tools-replacement.man,636,1701675696.0
D:\sources\replacementmanifests\dhcpservermigplugin-rep.man,dhcpservermigplugin-rep.man,12795,1701675696.0
D:\sources\replacementmanifests\dhcpservermigpluginwin8-replacement.man,dhcpservermigpluginwin8-replacement.man,6093,1701675696.0
D:\sources\replacementmanifests\directaccessservermanagement-repl.man,directaccessservermanagement-repl.man,1244,1701675696.0
D:\sources\replacementmanifests\directoryservices-adam-client-replacement.man,directoryservices-adam-client-replacement.man,1064,1701675696.0
D:\sources\replacementmanifests\directoryservices-adam-tools-replacement.man,directoryservices-adam-tools-replacement.man,664,1701675696.0
D:\sources\replacementmanifests\directoryservices-administrativecenter-replacement.man,directoryservices-administrativecenter-replacement.man,666,1701675696.0
D:\sources\replacementmanifests\directoryservices-domaincontroller-servercoreupg-replacement.man,directoryservices-domaincontroller-servercoreupg-replacement.man,1178,1701675696.0
D:\sources\replacementmanifests\directoryservices-domaincontroller-tools-replacement.man,directoryservices-domaincontroller-tools-replacement.man,682,1701675696.0
D:\sources\replacementmanifests\directoryservices-sm-plugin.registration-replacement.man,directoryservices-sm-plugin.registration-replacement.man,1676,1701675696.0
D:\sources\replacementmanifests\displayconfigsettings_win7update.man,displayconfigsettings_win7update.man,2206,1701675696.0
D:\sources\replacementmanifests\dmrcwin7replacement.man,dmrcwin7replacement.man,917,1701675696.0
D:\sources\replacementmanifests\dns-client-mw-replacement.man,dns-client-mw-replacement.man,7642,1701675696.0
D:\sources\replacementmanifests\dns-client-replacement.man,dns-client-replacement.man,2242,1701675696.0
D:\sources\replacementmanifests\dns-server-role-replacement.man,dns-server-role-replacement.man,802,1701675696.0
D:\sources\replacementmanifests\dns-server-tools-replacement.man,dns-server-tools-replacement.man,634,1701675696.0
D:\sources\replacementmanifests\dpapi_keys-repl.man,dpapi_keys-repl.man,4309,1701675696.0
D:\sources\replacementmanifests\dsreg-replacement.man,dsreg-replacement.man,1653,1701675696.0
D:\sources\replacementmanifests\edgemigrationplugin.man,edgemigrationplugin.man,923,1701675696.0
D:\sources\replacementmanifests\edpnotify-replacement.man,edpnotify-replacement.man,830,1701675696.0
D:\sources\replacementmanifests\elam-replacement.man,elam-replacement.man,1016,1701675696.0
D:\sources\replacementmanifests\etw-core-replacement.man,etw-core-replacement.man,1424,1701675696.0
D:\sources\replacementmanifests\eudcedit-replacement.man,eudcedit-replacement.man,2057,1701675696.0
D:\sources\replacementmanifests\explorer-repl.man,explorer-repl.man,4424,1701675696.0
D:\sources\replacementmanifests\extensibleauthenticationprotocolhostservice-rep.man,extensibleauthenticationprotocolhostservice-rep.man,3019,1701675696.0
D:\sources\replacementmanifests\failovercluster-core-wow64-rm.man,failovercluster-core-wow64-rm.man,929,1701675696.0
D:\sources\replacementmanifests\failovercluster-updating-powershellcore-replacement.man,failovercluster-updating-powershellcore-replacement.man,3384,1701675696.0
D:\sources\replacementmanifests\feclient-replacement-th.man,feclient-replacement-th.man,1017,1701675696.0
D:\sources\replacementmanifests\fidocredprov_dll_repl.man,fidocredprov_dll_repl.man,1585,1701675696.0
D:\sources\replacementmanifests\fileserver-replacement.man,fileserver-replacement.man,1290,1701675696.0
D:\sources\replacementmanifests\font-truetype-fontsregistrysettingsmigration-replacement.man,font-truetype-fontsregistrysettingsmigration-replacement.man,101339,1701675696.0
D:\sources\replacementmanifests\fonts-type1-replacement.man,fonts-type1-replacement.man,1393,1701675696.0
D:\sources\replacementmanifests\fsdepends-replacement.man,fsdepends-replacement.man,1004,1701675696.0
D:\sources\replacementmanifests\fundisc-replacement.man,fundisc-replacement.man,1390,1701675696.0
D:\sources\replacementmanifests\fveapi-replacement.man,fveapi-replacement.man,1101,1701675696.0
D:\sources\replacementmanifests\gatewayservice-replacement.man,gatewayservice-replacement.man,1835,1701675696.0
D:\sources\replacementmanifests\gpbase-replacement.man,gpbase-replacement.man,10121,1701675696.0
D:\sources\replacementmanifests\gpiobuttons-replacement.man,gpiobuttons-replacement.man,1216,1701675696.0
D:\sources\replacementmanifests\hal-repl.man,hal-repl.man,1179,1701675696.0
D:\sources\replacementmanifests\helpandsupport-replacement.man,helpandsupport-replacement.man,1033,1701675696.0
D:\sources\replacementmanifests\http-replacement.man,http-replacement.man,942,1701675696.0
D:\sources\replacementmanifests\hwvid-migration-replacement-2.man,hwvid-migration-replacement-2.man,1072,1701675696.0
D:\sources\replacementmanifests\hyperv-compute-host-service-replacement.man,hyperv-compute-host-service-replacement.man,1879,1701675696.0
D:\sources\replacementmanifests\iasruntime-repl.man,iasruntime-repl.man,6419,1701675696.0
D:\sources\replacementmanifests\identityserver-migration-replacement.man,identityserver-migration-replacement.man,1479,1701675696.0
D:\sources\replacementmanifests\identityserver-proxymigration-replacement.man,identityserver-proxymigration-replacement.man,1971,1701675696.0
D:\sources\replacementmanifests\identitystore-replacement.man,identitystore-replacement.man,1233,1701675696.0
D:\sources\replacementmanifests\iis-adminservice-rm.man,iis-adminservice-rm.man,970,1701675696.0
D:\sources\replacementmanifests\iis-appwarmup-rm.man,iis-appwarmup-rm.man,1051,1701675696.0
D:\sources\replacementmanifests\iis-ftpsvc-rm.man,iis-ftpsvc-rm.man,967,1701675696.0
D:\sources\replacementmanifests\iis-managementconsole-rm.man,iis-managementconsole-rm.man,743,1701675696.0
D:\sources\replacementmanifests\iis-sharedlibraries-rm.man,iis-sharedlibraries-rm.man,1882,1701675696.0
D:\sources\replacementmanifests\iis-w3logsvc-rm.man,iis-w3logsvc-rm.man,1306,1701675696.0
D:\sources\replacementmanifests\iis-w3svc-rm.man,iis-w3svc-rm.man,1286,1701675696.0
D:\sources\replacementmanifests\ime-eashared-migration-replacement.man,ime-eashared-migration-replacement.man,1553,1701675696.0
D:\sources\replacementmanifests\international-core-replacement.man,international-core-replacement.man,4907,1701675696.0
D:\sources\replacementmanifests\international-timezones-replacement.man,international-timezones-replacement.man,3604,1701675696.0
D:\sources\replacementmanifests\internet-naming-service-runtime-rep.man,internet-naming-service-runtime-rep.man,4699,1701675696.0
D:\sources\replacementmanifests\internet-naming-tools-replacement.man,internet-naming-tools-replacement.man,640,1701675696.0
D:\sources\replacementmanifests\ipv4ipv6coexistencemigration-net-replacement.man,ipv4ipv6coexistencemigration-net-replacement.man,3805,1701675696.0
D:\sources\replacementmanifests\kernel-pnp-repl.man,kernel-pnp-repl.man,1309,1701675696.0
D:\sources\replacementmanifests\kernel-server-replacement.man,kernel-server-replacement.man,1340,1701675696.0
D:\sources\replacementmanifests\kernel32-replacement.man,kernel32-replacement.man,896,1701675696.0
D:\sources\replacementmanifests\kernel32-server-replacement.man,kernel32-server-replacement.man,657,1701675696.0
D:\sources\replacementmanifests\keyboardfilter-replacement.man,keyboardfilter-replacement.man,1095,1701675696.0
D:\sources\replacementmanifests\ldap-client-replacement.man,ldap-client-replacement.man,1194,1701675696.0
D:\sources\replacementmanifests\legacy-sapi-repl.man,legacy-sapi-repl.man,4788,1701675696.0
D:\sources\replacementmanifests\mdm_migration-replacement.man,mdm_migration-replacement.man,25564,1701675696.0
D:\sources\replacementmanifests\media-settings-migration-replacement.man,media-settings-migration-replacement.man,993,1701675696.0
D:\sources\replacementmanifests\memextdriver-replacement.man,memextdriver-replacement.man,1975,1701675696.0
D:\sources\replacementmanifests\mfmpeg2srcsnk-migration-replacement.man,mfmpeg2srcsnk-migration-replacement.man,1030,1701675696.0
D:\sources\replacementmanifests\mfplat-migration-replacement.man,mfplat-migration-replacement.man,2856,1701675696.0
D:\sources\replacementmanifests\mfsrcsnk-migration-replacement.man,mfsrcsnk-migration-replacement.man,1164,1701675696.0
D:\sources\replacementmanifests\microsoft-activedirectory-powershell-replacement.man,microsoft-activedirectory-powershell-replacement.man,703,1701675696.0
D:\sources\replacementmanifests\microsoft-certificateauthority-enrollment-serverupgrade-replacement.man,microsoft-certificateauthority-enrollment-serverupgrade-replacement.man,1941,1701675696.0
D:\sources\replacementmanifests\microsoft-certificateservices-ca-serverupgrade-replacement.man,microsoft-certificateservices-ca-serverupgrade-replacement.man,2089,1701675696.0
D:\sources\replacementmanifests\microsoft-certificateservices-mscep-serverupgrade-replacement.man,microsoft-certificateservices-mscep-serverupgrade-replacement.man,2018,1701675696.0
D:\sources\replacementmanifests\microsoft-certificateservices-ocsp-serverupgrade-replacement.man,microsoft-certificateservices-ocsp-serverupgrade-replacement.man,1959,1701675696.0
D:\sources\replacementmanifests\microsoft-certificateservices-policy-serverupgrade-replacement.man,microsoft-certificateservices-policy-serverupgrade-replacement.man,1936,1701675696.0
D:\sources\replacementmanifests\microsoft-certificateservices-webenrollment-serverupgrade-replacement.man,microsoft-certificateservices-webenrollment-serverupgrade-replacement.man,2057,1701675698.0
D:\sources\replacementmanifests\microsoft-hyper-v-client-migration-replacement.man,microsoft-hyper-v-client-migration-replacement.man,1368,1701675696.0
D:\sources\replacementmanifests\microsoft-hyper-v-drivers-migration-replacement.man,microsoft-hyper-v-drivers-migration-replacement.man,634,1701675696.0
D:\sources\replacementmanifests\microsoft-hyper-v-migration-replacement.man,microsoft-hyper-v-migration-replacement.man,6052,1701675698.0
D:\sources\replacementmanifests\microsoft-onecore-tiledatarepository-replacement.man,microsoft-onecore-tiledatarepository-replacement.man,918,1701675696.0
D:\sources\replacementmanifests\microsoft-windows-advertisingid-replacement.man,microsoft-windows-advertisingid-replacement.man,1239,1701675696.0
D:\sources\replacementmanifests\microsoft-windows-coresystem-initmachineconfig-replacement.man,microsoft-windows-coresystem-initmachineconfig-replacement.man,898,1701675696.0
D:\sources\replacementmanifests\microsoft-windows-credentialmanagementrole-replacement.man,microsoft-windows-credentialmanagementrole-replacement.man,1954,1701675696.0
D:\sources\replacementmanifests\microsoft-windows-credentialmanagementrole-tools-replacement.man,microsoft-windows-credentialmanagementrole-tools-replacement.man,1326,1701675696.0
D:\sources\replacementmanifests\microsoft-windows-deployment-services-admin-pack-replacement.man,microsoft-windows-deployment-services-admin-pack-replacement.man,672,1701675696.0
D:\sources\replacementmanifests\microsoft-windows-deviceaccess-replacement.man,microsoft-windows-deviceaccess-replacement.man,1421,1701675696.0
D:\sources\replacementmanifests\microsoft-windows-enterprisemgmt-replacement.man,microsoft-windows-enterprisemgmt-replacement.man,1433,1701675696.0
D:\sources\replacementmanifests\microsoft-windows-errorreportingcore-replacement.man,microsoft-windows-errorreportingcore-replacement.man,18153,1701675696.0
D:\sources\replacementmanifests\microsoft-windows-errorreportingfaults-replacement.man,microsoft-windows-errorreportingfaults-replacement.man,1298,1701675696.0
D:\sources\replacementmanifests\microsoft-windows-failovercluster-adminpak-replacement.man,microsoft-windows-failovercluster-adminpak-replacement.man,657,1701675698.0
D:\sources\replacementmanifests\microsoft-windows-familysafety-refreshtask-replacement.man,microsoft-windows-familysafety-refreshtask-replacement.man,1789,1701675696.0
D:\sources\replacementmanifests\microsoft-windows-fax-service-replacement.man,microsoft-windows-fax-service-replacement.man,3998,1701675696.0
D:\sources\replacementmanifests\microsoft-windows-feedback-service-replacement.man,microsoft-windows-feedback-service-replacement.man,1444,1701675696.0
D:\sources\replacementmanifests\microsoft-windows-flighting-settings.replacement.man,microsoft-windows-flighting-settings.replacement.man,5077,1701675696.0
D:\sources\replacementmanifests\microsoft-windows-geolocation-replacement.man,microsoft-windows-geolocation-replacement.man,1884,1701675696.0
D:\sources\replacementmanifests\microsoft-windows-identity-foundation-migration-replacement.man,microsoft-windows-identity-foundation-migration-replacement.man,2149,1701675696.0
D:\sources\replacementmanifests\microsoft-windows-ie-adminkitbranding-repl.man,microsoft-windows-ie-adminkitbranding-repl.man,4228,1701675698.0
D:\sources\replacementmanifests\microsoft-windows-ie-clientnetworkprotocolimplementation-repl.man,microsoft-windows-ie-clientnetworkprotocolimplementation-repl.man,19519,1701675696.0
D:\sources\replacementmanifests\microsoft-windows-ie-internetexplorer-repl-2.man,microsoft-windows-ie-internetexplorer-repl-2.man,19986,1701675696.0
D:\sources\replacementmanifests\microsoft-windows-ie-internetexplorer-repl.man,microsoft-windows-ie-internetexplorer-repl.man,16859,1701675696.0
D:\sources\replacementmanifests\microsoft-windows-ie-pdm-replacement.man,microsoft-windows-ie-pdm-replacement.man,2848,1701675696.0
D:\sources\replacementmanifests\microsoft-windows-ime-traditional-chinese-core-replacement.man,microsoft-windows-ime-traditional-chinese-core-replacement.man,9200,1701675696.0
D:\sources\replacementmanifests\microsoft-windows-netfx35cdfcomp-replacement.man,microsoft-windows-netfx35cdfcomp-replacement.man,911,1701675696.0
D:\sources\replacementmanifests\microsoft-windows-netfxcorecomp-repl.man,microsoft-windows-netfxcorecomp-repl.man,45739,1701675696.0
D:\sources\replacementmanifests\microsoft-windows-network-setup-replacement.man,microsoft-windows-network-setup-replacement.man,884,1701675696.0
D:\sources\replacementmanifests\microsoft-windows-networkbridge-replacement.man,microsoft-windows-networkbridge-replacement.man,744,1701675698.0
D:\sources\replacementmanifests\microsoft-windows-offlinefiles-replacement.man,microsoft-windows-offlinefiles-replacement.man,8102,1701675696.0
D:\sources\replacementmanifests\microsoft-windows-powershell-replacement.man,microsoft-windows-powershell-replacement.man,3673,1701675696.0
D:\sources\replacementmanifests\microsoft-windows-powershell-ws08-replacement.man,microsoft-windows-powershell-ws08-replacement.man,1161,1701675696.0
D:\sources\replacementmanifests\microsoft-windows-powershellwebaccess-commands-powershell-migration-replacement.man,microsoft-windows-powershellwebaccess-commands-powershell-migration-replacement.man,874,1701675698.0
D:\sources\replacementmanifests\microsoft-windows-rmapi-replacement.man,microsoft-windows-rmapi-replacement.man,1708,1701675696.0
D:\sources\replacementmanifests\microsoft-windows-securestartup-filterdriver-replacement.man,microsoft-windows-securestartup-filterdriver-replacement.man,4203,1701675696.0
D:\sources\replacementmanifests\microsoft-windows-security-ngc-credprov-replacement.man,microsoft-windows-security-ngc-credprov-replacement.man,1766,1701675698.0
D:\sources\replacementmanifests\microsoft-windows-security-ngc-ctnrsvc-repl.man,microsoft-windows-security-ngc-ctnrsvc-repl.man,1298,1701675696.0
D:\sources\replacementmanifests\microsoft-windows-servermanager-rsat-featuretools-replacement.man,microsoft-windows-servermanager-rsat-featuretools-replacement.man,686,1701675696.0
D:\sources\replacementmanifests\microsoft-windows-servermanager-rsat-replacement.man,microsoft-windows-servermanager-rsat-replacement.man,659,1701675696.0
D:\sources\replacementmanifests\microsoft-windows-servermanager-rsat-roletools-replacement.man,microsoft-windows-servermanager-rsat-roletools-replacement.man,680,1701675696.0
D:\sources\replacementmanifests\microsoft-windows-servermanager-shell-replacement.man,microsoft-windows-servermanager-shell-replacement.man,747,1701675696.0
D:\sources\replacementmanifests\microsoft-windows-services-targetedcontent-replacement.man,microsoft-windows-services-targetedcontent-replacement.man,839,1701675696.0
D:\sources\replacementmanifests\microsoft-windows-slb-mux-replacement.man,microsoft-windows-slb-mux-replacement.man,1965,1701675696.0
D:\sources\replacementmanifests\microsoft-windows-smb1-replacement.man,microsoft-windows-smb1-replacement.man,932,1701675696.0
D:\sources\replacementmanifests\microsoft-windows-softwareinventorylogging-scheduledtasks-replacement.man,microsoft-windows-softwareinventorylogging-scheduledtasks-replacement.man,1059,1701675696.0
D:\sources\replacementmanifests\microsoft-windows-storagemigration-od-replacement.man,microsoft-windows-storagemigration-od-replacement.man,1533,1701675696.0
D:\sources\replacementmanifests\microsoft-windows-storagemigration-replacement.man,microsoft-windows-storagemigration-replacement.man,6366,1701675696.0
D:\sources\replacementmanifests\microsoft-windows-sxs-replacement.man,microsoft-windows-sxs-replacement.man,1516,1701675696.0
D:\sources\replacementmanifests\microsoft-windows-virtualization-vmswitch-migration-replacement.man,microsoft-windows-virtualization-vmswitch-migration-replacement.man,1970,1701675696.0
D:\sources\replacementmanifests\microsoft-windows-wcfcorecomp-replacement.man,microsoft-windows-wcfcorecomp-replacement.man,865,1701675696.0
D:\sources\replacementmanifests\microsoft-windows-workstationservice-replacement.man,microsoft-windows-workstationservice-replacement.man,1265,1701675698.0
D:\sources\replacementmanifests\microsoft.windows.com.complus.setup-replacement.man,microsoft.windows.com.complus.setup-replacement.man,1940,1701675696.0
D:\sources\replacementmanifests\microsoft.windows.com.dtc.setup-replacement.man,microsoft.windows.com.dtc.setup-replacement.man,4456,1701675696.0
D:\sources\replacementmanifests\microsoftwindowsdefragcore-replacement.man,microsoftwindowsdefragcore-replacement.man,1508,1701675696.0
D:\sources\replacementmanifests\mmdeviceapi-migration-replacement.man,mmdeviceapi-migration-replacement.man,3690,1701675698.0
D:\sources\replacementmanifests\mmsys-migration-replacement.man,mmsys-migration-replacement.man,1376,1701675698.0
D:\sources\replacementmanifests\mpr-replacement.man,mpr-replacement.man,770,1701675696.0
D:\sources\replacementmanifests\msmpeg2vdec-migration-replacement.man,msmpeg2vdec-migration-replacement.man,1210,1701675696.0
D:\sources\replacementmanifests\muisettings-replacement.man,muisettings-replacement.man,1676,1701675696.0
D:\sources\replacementmanifests\mup-replacement.man,mup-replacement.man,2520,1701675696.0
D:\sources\replacementmanifests\nchostagent-replacement.man,nchostagent-replacement.man,3201,1701675696.0
D:\sources\replacementmanifests\ndis-repl.man,ndis-repl.man,3381,1701675698.0
D:\sources\replacementmanifests\netfx-wcf-http-activation-replacement.man,netfx-wcf-http-activation-replacement.man,1848,1701675696.0
D:\sources\replacementmanifests\netfx-wcf-msmqactivation-registration-replacement.man,netfx-wcf-msmqactivation-registration-replacement.man,1043,1701675696.0
D:\sources\replacementmanifests\netfx-wcf-pipeactivation-registration-replacement.man,netfx-wcf-pipeactivation-registration-replacement.man,1043,1701675696.0
D:\sources\replacementmanifests\netfx-wcf-tcpactivation-registration-replacement.man,netfx-wcf-tcpactivation-registration-replacement.man,1036,1701675696.0
D:\sources\replacementmanifests\netfx3-replacement.man,netfx3-replacement.man,601,1701675698.0
D:\sources\replacementmanifests\netfx4-policy-replacement.man,netfx4-policy-replacement.man,863,1701675696.0
D:\sources\replacementmanifests\netfx4-replacement.man,netfx4-replacement.man,668,1701675696.0
D:\sources\replacementmanifests\netfx4-wcf-client-replacement.man,netfx4-wcf-client-replacement.man,1517,1701675696.0
D:\sources\replacementmanifests\netfx4-wcf-extended-replacement.man,netfx4-wcf-extended-replacement.man,1433,1701675696.0
D:\sources\replacementmanifests\netfx4clientcorecomp-replacement.man,netfx4clientcorecomp-replacement.man,17501,1701675696.0
D:\sources\replacementmanifests\networking-mpssvc-svc.replacement.man,networking-mpssvc-svc.replacement.man,1727,1701675698.0
D:\sources\replacementmanifests\networkloadbalancingmanagementclient-replacement.man,networkloadbalancingmanagementclient-replacement.man,674,1701675696.0
D:\sources\replacementmanifests\networkloadbalancingmanagementheadlessserver-replacement.man,networkloadbalancingmanagementheadlessserver-replacement.man,673,1701675696.0
D:\sources\replacementmanifests\networkprofile-replacement.man,networkprofile-replacement.man,2131,1701675696.0
D:\sources\replacementmanifests\networksecurity.replacement.man,networksecurity.replacement.man,10567,1701675696.0
D:\sources\replacementmanifests\nfs-admincore-repl.man,nfs-admincore-repl.man,1277,1701675696.0
D:\sources\replacementmanifests\nfs-clientcore-repl.man,nfs-clientcore-repl.man,1199,1701675698.0
D:\sources\replacementmanifests\nfs-servercore-repl.man,nfs-servercore-repl.man,1193,1701675696.0
D:\sources\replacementmanifests\nfs-servercoreupg-clientcore-repl.man,nfs-servercoreupg-clientcore-repl.man,1095,1701675696.0
D:\sources\replacementmanifests\nfs-servercoreupg-servercore-repl.man,nfs-servercoreupg-servercore-repl.man,1094,1701675696.0
D:\sources\replacementmanifests\ngclocalaccountmigplugin-replacement.man,ngclocalaccountmigplugin-replacement.man,1336,1701675696.0
D:\sources\replacementmanifests\ngcpopkeysrv_dll-repl.man,ngcpopkeysrv_dll-repl.man,911,1701675698.0
D:\sources\replacementmanifests\nlasvc-replace.man,nlasvc-replace.man,943,1701675698.0
D:\sources\replacementmanifests\notepad-repl.man,notepad-repl.man,1041,1701675698.0
D:\sources\replacementmanifests\npas-role-replacement.man,npas-role-replacement.man,753,1701675698.0
D:\sources\replacementmanifests\npsui-replacement.man,npsui-replacement.man,633,1701675698.0
D:\sources\replacementmanifests\odbc32dll-repl.man,odbc32dll-repl.man,13893,1701675696.0
D:\sources\replacementmanifests\onecore_speechcommon-rep.man,onecore_speechcommon-rep.man,11885,1701675696.0
D:\sources\replacementmanifests\openssh-common-components-onecore-replacement.man,openssh-common-components-onecore-replacement.man,911,1701675696.0
D:\sources\replacementmanifests\pcpksp_dll-repl.man,pcpksp_dll-repl.man,3628,1701675698.0
D:\sources\replacementmanifests\peerdist-client-migration-replacement.man,peerdist-client-migration-replacement.man,6356,1701675698.0
D:\sources\replacementmanifests\peerdist-server-migration-replacement.man,peerdist-server-migration-replacement.man,6363,1701675698.0
D:\sources\replacementmanifests\peerdist-upgrade-replacement.man,peerdist-upgrade-replacement.man,3261,1701675698.0
D:\sources\replacementmanifests\peertopeergrouping-replacement.man,peertopeergrouping-replacement.man,1702,1701675698.0
D:\sources\replacementmanifests\performancecounterinfrastructurenonexecutable-replacement.man,performancecounterinfrastructurenonexecutable-replacement.man,1669,1701675698.0
D:\sources\replacementmanifests\personalizationcsp-repl.man,personalizationcsp-repl.man,1386,1701675698.0
D:\sources\replacementmanifests\pnpmigration-replacement.man,pnpmigration-replacement.man,982,1701675698.0
D:\sources\replacementmanifests\posproviders-replacement.man,posproviders-replacement.man,1303,1701675698.0
D:\sources\replacementmanifests\power-energyestimationengine-replacement.man,power-energyestimationengine-replacement.man,6428,1701675698.0
D:\sources\replacementmanifests\powercpl-replacement.man,powercpl-replacement.man,2577,1701675698.0
D:\sources\replacementmanifests\powermanagement-powerpolicy-definitions-replacement-v1019h1.man,powermanagement-powerpolicy-definitions-replacement-v1019h1.man,6093,1701675698.0
D:\sources\replacementmanifests\powermanagement-powerpolicy-definitions-replacement-v1119h1.man,powermanagement-powerpolicy-definitions-replacement-v1119h1.man,5606,1701675698.0
D:\sources\replacementmanifests\powermanagement-powerpolicy-definitions-replacement-v12vb.man,powermanagement-powerpolicy-definitions-replacement-v12vb.man,5611,1701675698.0
D:\sources\replacementmanifests\powermanagement-powerpolicy-definitions-replacement-v13vb.man,powermanagement-powerpolicy-definitions-replacement-v13vb.man,6089,1701675698.0
D:\sources\replacementmanifests\powermanagement-powerpolicy-definitions-replacement-v4rs1.man,powermanagement-powerpolicy-definitions-replacement-v4rs1.man,4183,1701675698.0
D:\sources\replacementmanifests\powermanagement-powerpolicy-definitions-replacement-v5rs1.man,powermanagement-powerpolicy-definitions-replacement-v5rs1.man,4183,1701675698.0
D:\sources\replacementmanifests\powermanagement-powerpolicy-definitions-replacement-v6rs2.man,powermanagement-powerpolicy-definitions-replacement-v6rs2.man,4183,1701675698.0
D:\sources\replacementmanifests\powermanagement-powerpolicy-definitions-replacement-v7rs2.man,powermanagement-powerpolicy-definitions-replacement-v7rs2.man,5453,1701675698.0
D:\sources\replacementmanifests\powermanagement-powerpolicy-definitions-replacement-v8rs4.man,powermanagement-powerpolicy-definitions-replacement-v8rs4.man,5953,1701675698.0
D:\sources\replacementmanifests\powermanagement-powerpolicy-definitions-replacement-v9rs5.man,powermanagement-powerpolicy-definitions-replacement-v9rs5.man,6072,1701675698.0
D:\sources\replacementmanifests\powermanagement-powerpolicy-definitions-replacement-vista.man,powermanagement-powerpolicy-definitions-replacement-vista.man,1899,1701675698.0
D:\sources\replacementmanifests\powermanagement-powerpolicy-definitions-replacement-win10.man,powermanagement-powerpolicy-definitions-replacement-win10.man,3371,1701675698.0
D:\sources\replacementmanifests\powermanagement-powerpolicy-definitions-replacement-win7.man,powermanagement-powerpolicy-definitions-replacement-win7.man,2616,1701675698.0
D:\sources\replacementmanifests\powermanagement-powerpolicy-definitions-replacement-win8.man,powermanagement-powerpolicy-definitions-replacement-win8.man,27152,1701675698.0
D:\sources\replacementmanifests\powermanagement-powerpolicy-migration-replacement.man,powermanagement-powerpolicy-migration-replacement.man,652,1701675698.0
D:\sources\replacementmanifests\ppipolicies-encryption-replacement.man,ppipolicies-encryption-replacement.man,1001,1701675698.0
D:\sources\replacementmanifests\ppipolicies-general-replacement.man,ppipolicies-general-replacement.man,2161,1701675698.0
D:\sources\replacementmanifests\ppipolicies-miracast-replacement.man,ppipolicies-miracast-replacement.man,1352,1701675698.0
D:\sources\replacementmanifests\ppipolicies-power-replacement.man,ppipolicies-power-replacement.man,985,1701675698.0
D:\sources\replacementmanifests\printing-localprinting-replacement.man,printing-localprinting-replacement.man,3623,1701675698.0
D:\sources\replacementmanifests\printing-server-foundation-features-upgrade.man,printing-server-foundation-features-upgrade.man,1400,1701675698.0
D:\sources\replacementmanifests\printing-servercore-wow64-rm.man,printing-servercore-wow64-rm.man,930,1701675698.0
D:\sources\replacementmanifests\printing-spooler-core-replacement.man,printing-spooler-core-replacement.man,933,1701675698.0
D:\sources\replacementmanifests\processmodel-cpt-rm.man,processmodel-cpt-rm.man,1862,1701675698.0
D:\sources\replacementmanifests\profsvcreplacement.man,profsvcreplacement.man,1046,1701675698.0
D:\sources\replacementmanifests\propsys-replacement.man,propsys-replacement.man,2282,1701675698.0
D:\sources\replacementmanifests\quickactions-windows-replacement.man,quickactions-windows-replacement.man,1380,1701675698.0
D:\sources\replacementmanifests\rasapi-repl.man,rasapi-repl.man,3203,1701675698.0
D:\sources\replacementmanifests\rasbase-rassstp-repl.man,rasbase-rassstp-repl.man,6131,1701675698.0
D:\sources\replacementmanifests\rasbase-repl.man,rasbase-repl.man,5955,1701675698.0
D:\sources\replacementmanifests\rasddm-repl.man,rasddm-repl.man,2523,1701675698.0
D:\sources\replacementmanifests\rasmanservice-repl.man,rasmanservice-repl.man,2276,1701675698.0
D:\sources\replacementmanifests\rasmanservice-replv2.man,rasmanservice-replv2.man,2701,1701675698.0
D:\sources\replacementmanifests\rasmanservice-replv3.man,rasmanservice-replv3.man,2805,1701675698.0
D:\sources\replacementmanifests\rasppp-repl.man,rasppp-repl.man,2975,1701675698.0
D:\sources\replacementmanifests\rasrqs-repl.man,rasrqs-repl.man,1814,1701675698.0
D:\sources\replacementmanifests\rasserver-repl.man,rasserver-repl.man,27273,1701675698.0
D:\sources\replacementmanifests\rasserveradmintools-replacement.man,rasserveradmintools-replacement.man,642,1701675698.0
D:\sources\replacementmanifests\refs-replacement.man,refs-replacement.man,1156,1701675698.0
D:\sources\replacementmanifests\refs-v1-replacement.man,refs-v1-replacement.man,454,1701675698.0
D:\sources\replacementmanifests\retaildemo.deployment.replacement.man,retaildemo.deployment.replacement.man,1041,1701675698.0
D:\sources\replacementmanifests\rights-management-client-v1-api-replacement.man,rights-management-client-v1-api-replacement.man,4460,1701675698.0
D:\sources\replacementmanifests\rights-management-services-admin-tools-replacement.man,rights-management-services-admin-tools-replacement.man,1032,1701675698.0
D:\sources\replacementmanifests\rights-management-services-management-tools-replacement.man,rights-management-services-management-tools-replacement.man,1041,1701675698.0
D:\sources\replacementmanifests\rights-management-services-role-replacement.man,rights-management-services-role-replacement.man,1019,1701675698.0
D:\sources\replacementmanifests\schedsvc-replacement.man,schedsvc-replacement.man,2317,1701675698.0
D:\sources\replacementmanifests\security-malware-windows-defender-repl.man,security-malware-windows-defender-repl.man,2601,1701675698.0
D:\sources\replacementmanifests\security-spp-migration-replacement.man,security-spp-migration-replacement.man,2849,1701675698.0
D:\sources\replacementmanifests\securitycenter-core-replacement.man,securitycenter-core-replacement.man,957,1701675698.0
D:\sources\replacementmanifests\servercore-wow64-rm.man,servercore-wow64-rm.man,763,1701675698.0
D:\sources\replacementmanifests\settingshandlers_accessibility-replacement.man,settingshandlers_accessibility-replacement.man,972,1701675698.0
D:\sources\replacementmanifests\sharedpccsp-repl.man,sharedpccsp-repl.man,1282,1701675698.0
D:\sources\replacementmanifests\sharemgmt-rsatclient-tools-replacement.man,sharemgmt-rsatclient-tools-replacement.man,625,1701675698.0
D:\sources\replacementmanifests\shell32-replacement.man,shell32-replacement.man,18658,1701675698.0
D:\sources\replacementmanifests\shmig-replacement.man,shmig-replacement.man,2843,1701675698.0
D:\sources\replacementmanifests\shutdown-event-tracker-repl.man,shutdown-event-tracker-repl.man,1145,1701675698.0
D:\sources\replacementmanifests\signalmanager-replacement.man,signalmanager-replacement.man,1036,1701675698.0
D:\sources\replacementmanifests\signature-replacement.man,signature-replacement.man,2906,1701675698.0
D:\sources\replacementmanifests\smartcardsubsystem-repl.man,smartcardsubsystem-repl.man,2394,1701675698.0
D:\sources\replacementmanifests\smsroutersvc-replacement.man,smsroutersvc-replacement.man,2076,1701675698.0
D:\sources\replacementmanifests\snippingtoolsettingsmigration-replacement.man,snippingtoolsettingsmigration-replacement.man,880,1701675698.0
D:\sources\replacementmanifests\snmp-gui-tools-replacement.man,snmp-gui-tools-replacement.man,634,1701675698.0
D:\sources\replacementmanifests\sounds-migration-replacement.man,sounds-migration-replacement.man,2423,1701675698.0
D:\sources\replacementmanifests\spectrum-replacement.man,spectrum-replacement.man,864,1701675698.0
D:\sources\replacementmanifests\srm-cbadriver-repl.man,srm-cbadriver-repl.man,2610,1701675698.0
D:\sources\replacementmanifests\srm-datascrndriver-repl.man,srm-datascrndriver-repl.man,2621,1701675698.0
D:\sources\replacementmanifests\srm-infrastructure-repl.man,srm-infrastructure-repl.man,694,1701675698.0
D:\sources\replacementmanifests\srm-management-repl.man,srm-management-repl.man,621,1701675698.0
D:\sources\replacementmanifests\srm-quotadriver-repl.man,srm-quotadriver-repl.man,2590,1701675698.0
D:\sources\replacementmanifests\srm-service-repl.man,srm-service-repl.man,4084,1701675698.0
D:\sources\replacementmanifests\srm-service-reports-repl.man,srm-service-reports-repl.man,2827,1701675698.0
D:\sources\replacementmanifests\srm-ui-repl.man,srm-ui-repl.man,2410,1701675698.0
D:\sources\replacementmanifests\srumon-replacement.man,srumon-replacement.man,1307,1701675698.0
D:\sources\replacementmanifests\starttiledata-replacement.man,starttiledata-replacement.man,4572,1701675698.0
D:\sources\replacementmanifests\sysdm-replacement.man,sysdm-replacement.man,2692,1701675698.0
D:\sources\replacementmanifests\sysmain-replacement.man,sysmain-replacement.man,1823,1701675698.0
D:\sources\replacementmanifests\systemsettingsthreshold-replacement.man,systemsettingsthreshold-replacement.man,1027,1701675698.0
D:\sources\replacementmanifests\systemsettings_handlers_cortana-replacement.man,systemsettings_handlers_cortana-replacement.man,992,1701675698.0
D:\sources\replacementmanifests\tabletpcplatforminput-core-replacement.man,tabletpcplatforminput-core-replacement.man,15619,1701675698.0
D:\sources\replacementmanifests\tcblaunch-replacement.man,tcblaunch-replacement.man,880,1701675698.0
D:\sources\replacementmanifests\tcpip-replacement.man,tcpip-replacement.man,24488,1701675698.0
D:\sources\replacementmanifests\terminalservices-appserver-licensing-replacement.man,terminalservices-appserver-licensing-replacement.man,1134,1701675698.0
D:\sources\replacementmanifests\terminalservices-gateway-package-r-replacement.man,terminalservices-gateway-package-r-replacement.man,1039,1701675698.0
D:\sources\replacementmanifests\terminalservices-gateway-package-replacement.man,terminalservices-gateway-package-replacement.man,1039,1701675698.0
D:\sources\replacementmanifests\terminalservices-gateway-ui-package-r-replacement.man,terminalservices-gateway-ui-package-r-replacement.man,1052,1701675698.0
D:\sources\replacementmanifests\terminalservices-gateway-ui-package-replacement.man,terminalservices-gateway-ui-package-replacement.man,1052,1701675698.0
D:\sources\replacementmanifests\terminalservices-licenseserver-replacement.man,terminalservices-licenseserver-replacement.man,1731,1701675698.0
D:\sources\replacementmanifests\terminalservices-localsessionmanager-replacement.man,terminalservices-localsessionmanager-replacement.man,1377,1701675698.0
D:\sources\replacementmanifests\terminalservices-publishing-wmiprovider-replacement.man,terminalservices-publishing-wmiprovider-replacement.man,904,1701675698.0
D:\sources\replacementmanifests\terminalservices-rapweb-replacement.man,terminalservices-rapweb-replacement.man,860,1701675698.0
D:\sources\replacementmanifests\terminalservices-rapwebpart-replacement.man,terminalservices-rapwebpart-replacement.man,1083,1701675698.0
D:\sources\replacementmanifests\terminalservices-rdp-winstationextensions-replacement.man,terminalservices-rdp-winstationextensions-replacement.man,3390,1701675698.0
D:\sources\replacementmanifests\terminalservices-remoteconnectionmanager-replacement.man,terminalservices-remoteconnectionmanager-replacement.man,5441,1701675698.0
D:\sources\replacementmanifests\terminalservices-role-package-r-replacement.man,terminalservices-role-package-r-replacement.man,1044,1701675698.0
D:\sources\replacementmanifests\terminalservices-role-package-replacement.man,terminalservices-role-package-replacement.man,1042,1701675698.0
D:\sources\replacementmanifests\terminalservices-sessiondirectory-client-replacement.man,terminalservices-sessiondirectory-client-replacement.man,2743,1701675698.0
D:\sources\replacementmanifests\terminalservices-sessiondirectory-server-replacement.man,terminalservices-sessiondirectory-server-replacement.man,4168,1701675698.0
D:\sources\replacementmanifests\terminalservices-tsv-vmhostagent-replacement.man,terminalservices-tsv-vmhostagent-replacement.man,1279,1701675698.0
D:\sources\replacementmanifests\tetheringservice-repl.man,tetheringservice-repl.man,1065,1701675698.0
D:\sources\replacementmanifests\textservicesframework-migration-replacement.man,textservicesframework-migration-replacement.man,6487,1701675698.0
D:\sources\replacementmanifests\time-service-replacement.man,time-service-replacement.man,1190,1701675698.0
D:\sources\replacementmanifests\tpmdriverwmi-replacement.man,tpmdriverwmi-replacement.man,2599,1701675698.0
D:\sources\replacementmanifests\tpmvsc-repl.man,tpmvsc-repl.man,916,1701675698.0
D:\sources\replacementmanifests\twinui-replacement.man,twinui-replacement.man,12641,1701675698.0
D:\sources\replacementmanifests\twinui.pcshell-replacement.man,twinui.pcshell-replacement.man,1430,1701675698.0
D:\sources\replacementmanifests\udfs-replacement.man,udfs-replacement.man,1557,1701675698.0
D:\sources\replacementmanifests\updateagent-replacement.man,updateagent-replacement.man,1124,1701675698.0
D:\sources\replacementmanifests\updateservices-common-replacement.man,updateservices-common-replacement.man,850,1701675698.0
D:\sources\replacementmanifests\updateservices-services-replacement.man,updateservices-services-replacement.man,2825,1701675698.0
D:\sources\replacementmanifests\upnpdevicehost-replacement.man,upnpdevicehost-replacement.man,2455,1701675698.0
D:\sources\replacementmanifests\upnpdevicehost-server-replacement.man,upnpdevicehost-server-replacement.man,2462,1701675698.0
D:\sources\replacementmanifests\upnpssdp-replacement.man,upnpssdp-replacement.man,2320,1701675698.0
D:\sources\replacementmanifests\upnpssdp-server-replacement.man,upnpssdp-server-replacement.man,2327,1701675698.0
D:\sources\replacementmanifests\usbmigration-replacement.man,usbmigration-replacement.man,1685,1701675698.0
D:\sources\replacementmanifests\vault-replacement.man,vault-replacement.man,2188,1701675698.0
D:\sources\replacementmanifests\video-tvvideocontrol-replacement.man,video-tvvideocontrol-replacement.man,914,1701675698.0
D:\sources\replacementmanifests\virtualdiskservice-repl.man,virtualdiskservice-repl.man,1786,1701675698.0
D:\sources\replacementmanifests\volsnap-repl.man,volsnap-repl.man,2955,1701675698.0
D:\sources\replacementmanifests\vssservice-repl.man,vssservice-repl.man,4120,1701675698.0
D:\sources\replacementmanifests\wbiosrvc-replacement.man,wbiosrvc-replacement.man,1877,1701675698.0
D:\sources\replacementmanifests\wcf-http-activation-replacement.man,wcf-http-activation-replacement.man,850,1701675698.0
D:\sources\replacementmanifests\wcf-nonhttp-activation-replacement.man,wcf-nonhttp-activation-replacement.man,860,1701675698.0
D:\sources\replacementmanifests\web-services-for-management-core-replacement.man,web-services-for-management-core-replacement.man,13906,1701675698.0
D:\sources\replacementmanifests\webdavredir-clientonly-replacement.man,webdavredir-clientonly-replacement.man,2138,1701675698.0
D:\sources\replacementmanifests\webdavredir-serveronly-replacement.man,webdavredir-serveronly-replacement.man,2138,1701675698.0
D:\sources\replacementmanifests\wia-coreservices-replacement.man,wia-coreservices-replacement.man,969,1701675698.0
D:\sources\replacementmanifests\wicamigrationav-rl.man,wicamigrationav-rl.man,9716,1701675698.0
D:\sources\replacementmanifests\wid8-migration.man,wid8-migration.man,2056,1701675698.0
D:\sources\replacementmanifests\win32k-settings-repl.man,win32k-settings-repl.man,18732,1701675698.0
D:\sources\replacementmanifests\windows-senseclient-service-rep.man,windows-senseclient-service-rep.man,2008,1701675698.0
D:\sources\replacementmanifests\windows.cortana.desktop-repl.man,windows.cortana.desktop-repl.man,1532,1701675698.0
D:\sources\replacementmanifests\windows.holographic.displaythrottling-replacement.man,windows.holographic.displaythrottling-replacement.man,2608,1701675698.0
D:\sources\replacementmanifests\windows.media-migration-replacement.man,windows.media-migration-replacement.man,993,1701675698.0
D:\sources\replacementmanifests\windows.sharedpc.accountmanager-repl.man,windows.sharedpc.accountmanager-repl.man,1421,1701675698.0
D:\sources\replacementmanifests\windows.ui.shell-repl.man,windows.ui.shell-repl.man,2074,1701675698.0
D:\sources\replacementmanifests\windowspushnotifications-platform-library-replacement.man,windowspushnotifications-platform-library-replacement.man,1392,1701675698.0
D:\sources\replacementmanifests\windowssearchengine-replacement.man,windowssearchengine-replacement.man,6216,1701675698.0
D:\sources\replacementmanifests\windowsstoreapi-replacement.man,windowsstoreapi-replacement.man,1175,1701675698.0
D:\sources\replacementmanifests\windowsupdate-replacement.man,windowsupdate-replacement.man,1766,1701675698.0
D:\sources\replacementmanifests\windowswebapphost-replacement.man,windowswebapphost-replacement.man,1123,1701675698.0
D:\sources\replacementmanifests\winlogon-replacement.man,winlogon-replacement.man,12599,1701675698.0
D:\sources\replacementmanifests\winmde-migration-replacement.man,winmde-migration-replacement.man,1016,1701675698.0
D:\sources\replacementmanifests\winnat-replacement.man,winnat-replacement.man,1188,1701675698.0
D:\sources\replacementmanifests\winsat-cmi-replacement.man,winsat-cmi-replacement.man,889,1701675698.0
D:\sources\replacementmanifests\wlidsvc-replacement.man,wlidsvc-replacement.man,4918,1701675698.0
D:\sources\replacementmanifests\wlidsvc.vista-win7.man,wlidsvc.vista-win7.man,4187,1701675698.0
D:\sources\replacementmanifests\wmdmigration-replacement.man,wmdmigration-replacement.man,4136,1701675698.0
D:\sources\replacementmanifests\wmi-core-replacement.man,wmi-core-replacement.man,2743,1701675698.0
D:\sources\replacementmanifests\wmiacpi-replacement.man,wmiacpi-replacement.man,1128,1701675698.0
D:\sources\replacementmanifests\wmpnsservice-migration-replacement.man,wmpnsservice-migration-replacement.man,1755,1701675698.0
D:\sources\replacementmanifests\wmpplayer-migration-replacement.man,wmpplayer-migration-replacement.man,2821,1701675698.0
D:\sources\replacementmanifests\wsinfra-other-mw-replacement.man,wsinfra-other-mw-replacement.man,1159,1701675698.0
D:\sources\replacementmanifests\wsinfra-upgrade-replacement.man,wsinfra-upgrade-replacement.man,1553,1701675698.0
D:\sources\replacementmanifests\wwansvc-servercfg-repl.man,wwansvc-servercfg-repl.man,1042,1701675698.0
D:\sources\replacementmanifests\hwvid-migration-2\hwvidmigplugin.dll,hwvidmigplugin.dll,99672,1701675694.0
D:\sources\replacementmanifests\microsoft-activedirectory-webservices\adwsmigrate.dll,adwsmigrate.dll,120144,1701675696.0
D:\sources\replacementmanifests\microsoft-azurestack-hci-plugin\azshcimigplugin.dll,azshcimigplugin.dll,111960,1701675694.0
D:\sources\replacementmanifests\microsoft-client-license-platform-service-migration\clipmigplugin.dll,clipmigplugin.dll,271712,1701675696.0
D:\sources\replacementmanifests\microsoft-edge-migration-plugin\edgemigrationplugin.dll,edgemigrationplugin.dll,157040,1701675696.0
D:\sources\replacementmanifests\microsoft-onecore-tiledatarepository\tilestoremigrationplugin.dll,tilestoremigrationplugin.dll,161128,1701675696.0
D:\sources\replacementmanifests\microsoft-windows-appmanagement-migration\appmanmigrationplugin.dll,appmanmigrationplugin.dll,1209688,1701675696.0
D:\sources\replacementmanifests\microsoft-windows-appx-deployment-server\appxprovisioning.xml,appxprovisioning.xml,26951,1701675696.0
D:\sources\replacementmanifests\microsoft-windows-appx-deployment-server\appxupgrademigrationplugin.dll,appxupgrademigrationplugin.dll,505200,1701675696.0
D:\sources\replacementmanifests\microsoft-windows-appx-deployment-server\microsoft.windows.secondarytileexperience_10.0.0.0_neutral__cw5n1h2txyewy.xml,microsoft.windows.secondarytileexperience_10.0.0.0_neutral__cw5n1h2txyewy.xml,1692,1701675696.0
D:\sources\replacementmanifests\microsoft-windows-appx-deployment-server\windows.miracastview_6.3.0.0_neutral_neutral_cw5n1h2txyewy.xml,windows.miracastview_6.3.0.0_neutral_neutral_cw5n1h2txyewy.xml,1498,1701675694.0
D:\sources\replacementmanifests\microsoft-windows-audio-mmecore-other\audmigplugin.dll,audmigplugin.dll,120152,1701675696.0
D:\sources\replacementmanifests\microsoft-windows-com-complus-setup\commig.dll,commig.dll,193880,1701675696.0
D:\sources\replacementmanifests\microsoft-windows-deviceassociationframeworkmigration\dafmigplugin.dll,dafmigplugin.dll,333160,1701675696.0
D:\sources\replacementmanifests\microsoft-windows-directoryservices-adam-client\adammigrate.dll,adammigrate.dll,148816,1701675696.0
D:\sources\replacementmanifests\microsoft-windows-iis-rm\iismig.dll,iismig.dll,406864,1701675696.0
D:\sources\replacementmanifests\microsoft-windows-mapscontrol-migration\mapsmigplugin.dll,mapsmigplugin.dll,128336,1701675696.0
D:\sources\replacementmanifests\microsoft-windows-mup\mupmigplugin.dll,mupmigplugin.dll,148824,1701675694.0
D:\sources\replacementmanifests\microsoft-windows-network-setup\netsetupapi.dll,netsetupapi.dll,177488,1701675696.0
D:\sources\replacementmanifests\microsoft-windows-network-setup\netsetupengine.dll,netsetupengine.dll,918872,1701675696.0
D:\sources\replacementmanifests\microsoft-windows-network-setup\networkbindingenginemigplugin.dll,networkbindingenginemigplugin.dll,410968,1701675696.0
D:\sources\replacementmanifests\microsoft-windows-offlinefiles-core\cscmig.dll,cscmig.dll,165200,1701675696.0
D:\sources\replacementmanifests\microsoft-windows-offlinefiles-core\es-es\cscmig.dll.mui,cscmig.dll.mui,3584,1701675694.0
D:\sources\replacementmanifests\microsoft-windows-pnpmigration\pnpmig.dll,pnpmig.dll,423256,1701675696.0
D:\sources\replacementmanifests\microsoft-windows-pnpmigration\pnpmig.inf,pnpmig.inf,25199,1701675696.0
D:\sources\replacementmanifests\microsoft-windows-rasapi-mig\pbkmigr.dll,pbkmigr.dll,103768,1701675694.0
D:\sources\replacementmanifests\microsoft-windows-rasserver-migplugin\rasmigplugin.dll,rasmigplugin.dll,423256,1701675696.0
D:\sources\replacementmanifests\microsoft-windows-security-ngc-localaccountmigplugin\ngclocalaccountmigplugin.dll,ngclocalaccountmigplugin.dll,120160,1701675696.0
D:\sources\replacementmanifests\microsoft-windows-shmig\shmig.dll,shmig.dll,234832,1701675698.0
D:\sources\replacementmanifests\microsoft-windows-shmig\es-es\shmig.dll.mui,shmig.dll.mui,4096,1701675694.0
D:\sources\replacementmanifests\microsoft-windows-sxs\sxsmigplugin.dll,sxsmigplugin.dll,144720,1701675696.0
D:\sources\replacementmanifests\microsoft-windows-sxs\es-es\sxsmigplugin.dll.mui,sxsmigplugin.dll.mui,2560,1701675696.0
D:\sources\replacementmanifests\microsoft-windows-tcpip\netiomig.dll,netiomig.dll,111976,1701675694.0
D:\sources\replacementmanifests\microsoft-windows-terminalservices-appserver-licensing\tsmigplugin.dll,tsmigplugin.dll,124256,1701675694.0
D:\sources\replacementmanifests\microsoft-windows-terminalservices-licenseserver\tlsrepplugin.dll,tlsrepplugin.dll,140640,1701675696.0
D:\sources\replacementmanifests\microsoft-windows-textservicesframework-migration\chxmig.dll,chxmig.dll,173392,1701675694.0
D:\sources\replacementmanifests\microsoft-windows-textservicesframework-migration\imjpmig.dll,imjpmig.dll,218448,1701675694.0
D:\sources\replacementmanifests\microsoft-windows-textservicesframework-migration\imkrmig.dll,imkrmig.dll,140624,1701675696.0
D:\sources\replacementmanifests\microsoft-windows-textservicesframework-migration\msctfmig.dll,msctfmig.dll,165232,1701675696.0
D:\sources\replacementmanifests\microsoft-windows-textservicesframework-migration\tabletextservicemig.dll,tabletextservicemig.dll,111960,1701675694.0
D:\sources\replacementmanifests\microsoft-windows-virtualization-vmswitch\vmswitchmigrationplugin.dll,vmswitchmigrationplugin.dll,308568,1701675696.0
D:\sources\replacementmanifests\networkbridge\bridgemigplugin.dll,bridgemigplugin.dll,136528,1701675696.0
D:\sources\replacementmanifests\networking-mpssvc-svc\icfupgd.dll,icfupgd.dll,177512,1701675696.0
D:\sources\replacementmanifests\printing-localprinting-replacement\apmonportmig.dll,apmonportmig.dll,132448,1701675694.0
D:\sources\replacementmanifests\printing-localprinting-replacement\usbportmig.dll,usbportmig.dll,157024,1701675696.0
D:\sources\replacementmanifests\sppmig\sppmig.dll,sppmig.dll,71016,1701675696.0
D:\sources\replacementmanifests\windowssearchengine\wsearchmigplugin.dll,wsearchmigplugin.dll,161112,1701675696.0
D:\sources\sxs\microsoft-windows-internetexplorer-optional-package~31bf3856ad364e35~amd64~~.cab,microsoft-windows-internetexplorer-optional-package~31bf3856ad364e35~amd64~~.cab,306301,1701675696.0
D:\sources\sxs\microsoft-windows-netfx3-ondemand-package~31bf3856ad364e35~amd64~~.cab,microsoft-windows-netfx3-ondemand-package~31bf3856ad364e35~amd64~~.cab,72822163,1701675700.0
D:\sources\uup\metadata\desktoptargetcompdb_conditions.xml.cab,desktoptargetcompdb_conditions.xml.cab,18517,1701675694.0
D:\sources\uup\metadata\desktoptargetcompdb_fod_neutral.xml.cab,desktoptargetcompdb_fod_neutral.xml.cab,43230,1701675694.0
D:\sources\uup\metadata\desktoptargetcompdb_neutral.xml.cab,desktoptargetcompdb_neutral.xml.cab,12296,1701675694.0
D:\support\logging\actionqueueetw.dll,actionqueueetw.dll,22008,1701675694.0
D:\support\logging\auditetw.dll,auditetw.dll,26080,1701675694.0
D:\support\logging\cmisetupetw.dll,cmisetupetw.dll,26072,1701675694.0
D:\support\logging\etwproviderinstall.vbs,etwproviderinstall.vbs,6868,1701675694.0
D:\support\logging\microsoft-windows-actionqueue-instrumentation.man,microsoft-windows-actionqueue-instrumentation.man,6348,1701675694.0
D:\support\logging\microsoft-windows-audit-instrumentation.man,microsoft-windows-audit-instrumentation.man,6729,1701675694.0
D:\support\logging\microsoft-windows-cmisetup-instrumentation.man,microsoft-windows-cmisetup-instrumentation.man,7231,1701675694.0
D:\support\logging\microsoft-windows-oobeldr-instrumentation.man,microsoft-windows-oobeldr-instrumentation.man,8649,1701675694.0
D:\support\logging\microsoft-windows-setup-events.man,microsoft-windows-setup-events.man,20392,1701675694.0
D:\support\logging\microsoft-windows-setup-instrumentation.man,microsoft-windows-setup-instrumentation.man,9186,1701675694.0
D:\support\logging\microsoft-windows-setupcl-instrumentation.man,microsoft-windows-setupcl-instrumentation.man,15365,1701675694.0
D:\support\logging\microsoft-windows-setupugc-instrumentation.man,microsoft-windows-setupugc-instrumentation.man,7222,1701675694.0
D:\support\logging\microsoft-windows-sysprep-instrumentation.man,microsoft-windows-sysprep-instrumentation.man,13873,1701675694.0
D:\support\logging\microsoft-windows-windeploy-instrumentation.man,microsoft-windows-windeploy-instrumentation.man,8556,1701675694.0
D:\support\logging\oobeldretw.dll,oobeldretw.dll,26080,1701675694.0
D:\support\logging\setupcletw.dll,setupcletw.dll,30176,1701675694.0
D:\support\logging\setupetw.dll,setupetw.dll,30056,1701675694.0
D:\support\logging\setupugcetw.dll,setupugcetw.dll,26104,1701675694.0
D:\support\logging\sysprepetw.dll,sysprepetw.dll,30200,1701675694.0
D:\support\logging\windeployetw.dll,windeployetw.dll,26072,1701675694.0
D:\support\logging\winsetupetw.dll,winsetupetw.dll,75232,1701675694.0
D:\support\logging\es-es\actionqueueetw.dll.mui,actionqueueetw.dll.mui,3584,1701675696.0
